ticker,id,title,selftext,author,created_utc,score,num_comments,url
NVIDIA,1mcqpz8,Why Choose S&P 500 Over Nasdaq 100? Convince Me Nasdaq Isn’t the Obvious Best Choice,"Hey,
I’ve been investing solely in the S&P 500 for a while now, and I like its broad exposure to 500 companies across all sorts of sectors. It feels like a safe, steady bet with solid returns (around 10.5% annualized historically). 

But lately, I’ve been eyeing the Nasdaq 100, which seems to crush it with higher yields. The Nasdaq’s tech-heavy focus, with giants like Apple, Nvidia, and Microsoft, makes it look like the obvious choice for maximizing gains.

I’m wondering if I’m missing out by sticking with the S&P 500’s slower, diversified approach. 

Why should I keep my money in the S&P 500 instead of jumping to the Nasdaq 100 (like QQQ) for that sweet growth? Is the diversification really worth it when tech seems to dominate?


Edit: I didn’t expect all those replies thanks for sharing your prospectives!",Embarrassed_Steak309,2025-07-30 08:16:15,166,266,https://www.reddit.com/r/investing/comments/1mcqpz8/why_choose_sp_500_over_nasdaq_100_convince_me/
NVIDIA,1mcqhal,"Premise: AI is not a bubble, it's a binary event","The binary event is whether the hundreds of billions or even trillions invested in AI either A) provides a good roic or B) does not provide a good roic.

Companies like meta have been investing massively in AI.  Companies like Nvidia have benefited massively from the capex from companies like meta.

So the premise follows that if meta has been making poor investments they will be punished when it's discovered.  And the discovery that investment into AI offers poor roic means Nvidia will see massive reductions in revenue and margins.

Companies focused on electrification, data center build out, etc have also seen growth and multiple expansion from the AI build out.  That is to say the ramifications of the AI capex spend is far reaching and has large effect on the current earnings and projected growth in the markets beyond Nvidia and meta.

And this premise goes both ways, if hundreds of billions or even trillions invested provides a good roic growth will be massive.  If meta gets a 10% roic on $500B it would add $50B to operating income, nearly doubling their current!

And thus it acts like a binary event.  Thumbs down it could take the market years to achieve the same earnings as today, potentially a lost decade.  Thumbs up and we'll be talking about how cheap these $1-4T valuations were.

Curious on people's thoughts on the matter if they have any.",DonJuansCrow,2025-07-30 08:05:54,0,20,https://www.reddit.com/r/investing/comments/1mcqhal/premise_ai_is_not_a_bubble_its_a_binary_event/
NVIDIA,1mciooa,AMD's stock remained highly volatile reflecting ongoing uncertainty and rapid changes in market sentiment but still underperformed the major indices,"I'm mostly bullish on growth in inference and across data center AI gas pedals. 80% CAGR for inference and over 60% CAGR for training and inference from 2023 to 2028 are impressive levels of growth, and AMD is already well positioned. ZF Su predicts that the AI processor market will reach $500 billion by 2028, with inference accounting for a higher percentage of revenue than training. Su has a long-term view of the future, and believes that training revenue may outpace inference now, but inference will outpace training in the future, and AMD is poised to challenge NVIDIA's market share in the inference space.",jonathandude3000,2025-07-30 03:02:49,3,2,https://www.reddit.com/r/investing/comments/1mciooa/amds_stock_remained_highly_volatile_reflecting/
NVIDIA,1mc0rwd,Curious what do you all think about cloudflare (NET),"I like cloudflare as a product. I also worked with some engineers from there and generally believe they have excellent talent, excellent execution and excellent product. Their free product is something that would cost you few thousands dollars on AWS or Azure. Their paid product is pretty much unmatched except for companies with extremely deep pockets. 

The scale of the company, the amount of public internet traffic that flows through them is mind boggling. They have positioned themselves to benefit from any internet wide phenomenon at a pace that no other company can match. Case in point, blocking/charging AI bots. It’s the current fad, sure, and many other services sprung up to deal with that. However, all the big websites are already using cloudflare, and Cloudflare upsell is how they run their business. Which brings me to the second point; how cloudflare runs their business.


As I mentioned Cloudflare has a free tier that’s insanely generous. Their paid plan is also ridiculously cheap. It’s a no-brainer for any business to get a couple of niceties but it’s also clearly a loss leader. They make all their money analyzing those users usage patterns and calling up those companies to upsell them on other various (often significantly more expensive) services cloudflare offers. They go through cycles of firing all their sales teams, working on products, then hiring a sales team to sell them to their biggest clients, rinse and repeat. I can easily imagine the amount of calls and contracts they can very easily close with a “Just click that button and you’ll block (or get paid by) AI bots”

The ugly part is their financials. They are not a young company (15 years old), but they have also never turned a profit. They have 50% their revenue YoY 18-22, though slowed down to 34% and 28% for 2023-2024. All of their cash flow is diluted by their employees and CEO stock options. 

I was watching it on IPO back in 2019 and remember thinking I’ll wait until they turn a profit. Then I decided to get into 10k in Jan of 2021 ($72 cost basis) thinking I’ll just buy it and forget it. 4 years later and still no profits. I’m up significantly of course. I wanna think that this has no way to go but up in 10 or 20 years. But I keep reminding myself that the company is already 15 years old. I’m waiting for the earnings call this week. Expecting (hoping for?) a significant revenue jump, but not expecting profits sadly. 


My biggest worry is not fully knowing how big that moat I mentioned is. It’s not rocket science to replicate, so not Nvidia, TSMC, ASML type moat. It’s more about the execution and logistics. Microsoft, Amazon, Google cloud drop a Cloudflare competitor yesterday. In fact they all have various “close enough” offerings that are just insanely expensive because they don’t operate anywhere near the efficiency of Cloudflare in that domain. ",bumble2100,2025-07-29 12:20:15,5,8,https://www.reddit.com/r/investing/comments/1mc0rwd/curious_what_do_you_all_think_about_cloudflare_net/
NVIDIA,1mbv2ap,"AMD is slept on, am I going crazy for having this much conviction?","NVIDIA now has 92% market share this violates antitrust it is a pure monopoly, and eventually it must change. AMD is the only company with competitive tech (MI300X recently) and ability to scale, why funds/investors are not treating it as such is extremely confusing to me. 20% of my portfolio is now AMD (47% return since 15th May 25) Would love to hear your thoughts.",Elongatedmuskrat145,2025-07-29 07:54:16,813,300,https://www.reddit.com/r/investing/comments/1mbv2ap/amd_is_slept_on_am_i_going_crazy_for_having_this/
NVIDIA,1mbr63l,Plans for investment money from savings,"I have over 10k in my bank account just sitting there and feel like it’s time to start investing my money. I’ve looked into SPYs and other stocks like nvidia and Tesla (tech) and want to know what would be the best plan of action for someone like me. Average in on my price and buy certain amounts? Also what percentages should be invested into companies like nvidia and Tesla and apple and which should be invested in spy’s and qqq? I’m sorry if this ain’t allowed just feel like I’m just losing time , I know I’m not going to become a billionaire over night but want to get things rolling. ",NiteZTV,2025-07-29 05:19:54,2,3,https://www.reddit.com/r/investing/comments/1mbr63l/plans_for_investment_money_from_savings/
NVIDIA,1mbqewk,AMD is quietly outpacing Nvidia but Wall Street is too blind to see,"Yes, AMD is trading at double the multiple of NVDA but it’s not pricing in an untapped market.

1. AMD GPUs are open sourced by designed of its software environment ROCm.  Nvidia is fully closed.

2. AI sovereignty is becoming a key issue in the EU and Middle East and AMD will be the obvious choice.

3. Inference will continue to absorb most of the costs and cost/tokens is substantially improved with AMD.

4. Basic economics.  Nvidia’s market cap is over 4T; AMD is sitting confidently at $300B.

I recently liquidated my NVDA position and moved them to AMD; curious if anyone is doing the same.

",Abject-Advantage528,2025-07-29 04:51:22,0,24,https://www.reddit.com/r/investing/comments/1mbqewk/amd_is_quietly_outpacing_nvidia_but_wall_street/
NVIDIA,1mbpksp,"Warning About Nvidia From A ""China Hand""","I defer to wiser folks here as to best course of action if any in response to this, but this guy is an old ""China Hand"" who posts some quite interesting observations (with supporting evidence).  This one is regarding Chinese efforts in AI and related chip manufacturing. One aspect is how recent developments may impact Nvidia. (Jump to \~ 3:45 for that but I recommend watching the entire comment.). 

[https://www.youtube.com/watch?v=X6pUDf7u9r0&t=2s](https://www.youtube.com/watch?v=X6pUDf7u9r0&t=2s)

",Virginia_Hall,2025-07-29 04:19:38,0,2,https://www.reddit.com/r/investing/comments/1mbpksp/warning_about_nvidia_from_a_china_hand/
NVIDIA,1mb8m81,19 yr old college student investment tips?,"Hi everyone. I'm coming on here just to ask for any advice people could give me on anything relating to investing. I'm pretty new to this. I have about 6k in my Roth, all from 2024, and by the end of the summer I will have 9k in my checking to play around with. I want to save about 3 thousand just for emergencies etc. I have about 150$ just sitting in a brokerage account mostly in SWPXX and a little in NVIDIA. Idrk what I'm doing tbh, but I assume I should be putting a majority of this 9k in my brokerage.

As far as my financial life goes, my parents cover my college rent and food etc. The only time I spend my ""own"" money is for personal big purchases like travel or tech. I will not have any income until I graduate Spring 2026 and will be going into a data scientist job. (No offer yet, but I am working as an intern for Kaiser permanent so hopefully return offer)

Any help is appreciated. Thank you!",hellasmartperson,2025-07-28 15:15:16,0,9,https://www.reddit.com/r/investing/comments/1mb8m81/19_yr_old_college_student_investment_tips/
NVIDIA,1makcxw,What I found fascinating while reading Jensen Huang’s biography,"I read Jensen Huang's biograph lately(The Thinking Machine) and I found some interesting stories in it. I wanted to share with you. 

1.When Jensen Huang immigrated to the U.S. as a kid, he ended up in a small rural town and got bullied pretty badly. But instead of reacting with defiance or lashing out, he just smiled and brushed it off. Calm and quiet resilience.

He later said he got into physical training thanks to a roommate, and he started doing tons of push-ups. Eventually, his build changed and that might’ve naturally put an end to the bullying.
	
2.He was really good at table tennis. He seriously considered going pro during his school years. Even after founding NVIDIA, he kept a ping pong table in the office, tucked away in the corner.

3.He’s always been this upbeat, warm-hearted kind of guy. He didn’t like cutting people loose. That’s why NVIDIA’s hiring process was notoriously tough. His philosophy was that if you hire carefully, you won’t need to fire.

At a public meeting one day, he pressed a junior employee, asking, “What value are you delivering here at NVIDIA compared to what you’re paid?” The guy was crushed by it. But later, when that same employee was diagnosed with a rare illness, Jensen tried to cover his treatment personally from his own pocket.

4.He wasn’t like this back in his AMD days, but once he became a CEO, “Hwaung's rage” became a thing. Not in a toxic but more like explosive passion when he disagrees with something. People say that ""If you’ve experienced his rage, you’ve become part of the inner circle at NVIDIA""

5.Around 2014(I don't remember exactly) a junior engineer who was lazy but quite creative noticed a potential link between deep learning and NVIDIA chips. Despite having a relatively low performance record, the guy went straight to Jensen and pitched his idea with everything he had. Maybe he figured he had nothing to lose.

Jensen listened. Then he ripped the roadmap off the wall and declared, “This is our future.”
From that moment on, NVIDIA bet everything on AI. CUDA became the heart of their strategy, and they poured everything into developing GPUs optimized for machine learning.
",Andy_parker,2025-07-27 20:50:51,1167,172,https://www.reddit.com/r/investing/comments/1makcxw/what_i_found_fascinating_while_reading_jensen/
NVIDIA,1m9l0jj,Best stocks for my Roth IRA ?,"Hi everyone. So I’m 18 and I have around 17.2k in the stock market from free GE, Apple and more stock. I have most of it in my utma account. I want to put around 1k a year in my Roth IRA to start. I already have Nvidia, Pfizer, ford, Nike, Chipotle, and other big brand name stocks. I’m up money in every stock I have. I recently bought NVtS and did an order for CSCo Can anyone give me recommendations on stocks to get out of these. I still have about 360 dollars I want to put in my Roth IRA until 2026. I was thinking between MRVL ( Marvell technology inc ), VRT ( Vertiv holdings )., CWAN ( Clearwater analytics ), CFLT ( Confluent inc), SOFI ( sofi technologies ), PLTR, ( palantir ). Dow chemical, and especially considering ABT ( Abbott laboratories ). Do any of these stocks sound good to get and at what price should I look for. I’m intrigued by ABT due to the fact they keep increasing the dividends every year. If anyone out there would like to give feedback to me on these stocks I would greatly appreciate it. ",Johnlok28,2025-07-26 14:10:52,3,29,https://www.reddit.com/r/investing/comments/1m9l0jj/best_stocks_for_my_roth_ira/
NVIDIA,1m8lphq,Where to begin investing in individual stocks?,"Hi everyone,

My wife and I (30s) plan on transferring 120k into a brokerage account with hopes of letting it grow. We’ve been investing VOO in our ROTH IRA for years now, but we decided that we also want to begin investing outside of that as well as our money wasn’t growing much sitting in a HYSA

We plan on doing a majority in VOO, but maybe put 30k into different individual stocks. Any recommendations on the growth potential for Google, NVIDIA, amazon, etc?

It’s always a question as to when to enter the market as it’s difficult seeing a high without fully knowing the overall growth potential for these markets

With that said, meta at one point was 400 where people thought it wouldn’t grow more, but alas it’s at 700 now.

Any good value individual stocks to bet on for long term to appreciate a good gain?

What’s everyone’s thoughts on UNH, QS, SOUN, RKLB, or ABAT? Any potential for large growth in the future if we look to hold at least 5 years?",Typical-Spinach,2025-07-25 10:01:28,0,23,https://www.reddit.com/r/investing/comments/1m8lphq/where_to_begin_investing_in_individual_stocks/
NVIDIA,1m8hki7,What do you think of my T212 pie?,"Hi,

I’ve been heavily involved in crypto for a few years now, and while it’s been an exciting space, I’m looking to build a more structured and relatively safer long-term investment plan. I’m 30, and to be honest, between high crypto exposure and falling a bit behind where I’d like to be with traditional savings, I’ve developed a fairly high risk tolerance.

That said, I want to create a portfolio I can commit to for the next 20–30 years, something that will grow steadily, even if I adjust or rebalance parts of it over time.

Right now, I’m using Trading 212 and wondering if it’s the best long-term platform for this kind of approach? or whether I’d be better off with a prebuilt pie, Vanguard ISA, or something more hands-off.

Here’s what I currently hold in my T212 ISA pie:
1. Vanguard FTSE All-World (Acc) – 45%
2. Vanguard FTSE Emerging Markets (Acc) - 21%
3. iShares Core S&P 500 (Acc) – 15%
4. Alphabet (Class A) – 7%
5. Nvidia – 5%
6. Palantir – 3%
7. IonQ – 2%
8. Rigetti Computing – 2%

Open to thoughts on whether this balance makes sense and if there’s a better way to structure things for compounding over the long haul.

Or, tell me if this is an awful pie and strategy!

Thanks! ",Thierry95,2025-07-25 06:56:58,3,2,https://www.reddit.com/r/investing/comments/1m8hki7/what_do_you_think_of_my_t212_pie/
NVIDIA,1m86k3r,Should I diversify out of google?,"Right now I have an investment account, with about 700 shares of googles worth around 110,000, which makes up about half to a third of my 250,000~ $ portfolio. I’ve made some good choices with my other stocks like buying nvidia in 2022, (up 30 grand on that one) other mixes includes blue chip tech stocks like Apple Microsoft, aswell as the s&p 500. I like google and it’s a strong company but I also think that I have too much of it.",Dear-Head-5035,2025-07-24 23:54:32,21,47,https://www.reddit.com/r/investing/comments/1m86k3r/should_i_diversify_out_of_google/
NVIDIA,1m7zjun,Not sure what to do in this situation?,"Hey Reddit, so I have gotten myself into a situation being where my portfolio is 100% nvidia. Market value is 40,000. My avg price paid is 126. Not sure if I should just hold as the potential of the stock seems to continue to rise or if I should diversify. ",Ok_Necessary7655,2025-07-24 18:13:03,0,12,https://www.reddit.com/r/investing/comments/1m7zjun/not_sure_what_to_do_in_this_situation/
NVIDIA,1m7z4ty,What would you say would be the best IPO to invest in based with great potential for growth,"So am 62 years old and have left it far too late to start investing but am trying to identify the best way to make some money quickly :) same as everyone else!  I've already purchased some VOO SPY Nvidia etc but think ""gambling"" on the right IPO could be very lucrative.  Ideas?",maltaman5,2025-07-24 17:46:10,0,19,https://www.reddit.com/r/investing/comments/1m7z4ty/what_would_you_say_would_be_the_best_ipo_to/
NVIDIA,1m7qp80,Invest in Individual stocks of S&P 500 to beat it?,"If the majority of years of the S&P500 are UP

Give me reasons why I should not invest in the top individual stocks of the S&P500 and VOO????

This give me larger growth to increase my portfolio while still being in VOO. 

I would buy the following stocks 

2.	Microsoft (MSFT)
3.	Nvidia (NVDA)
4.	Amazon (AMZN)
9.	Eli Lilly (LLY)
10.	Broadcom (AVGO)
11.	Tesla (TSLA)
13.	JPMorgan Chase (JPM)

+

VOO
",SnooPets6005,2025-07-24 10:00:36,116,330,https://www.reddit.com/r/investing/comments/1m7qp80/invest_in_individual_stocks_of_sp_500_to_beat_it/
NVIDIA,1m5x24x,Robinhood margin investing,"I 20M have about 7k in a Robinhood account in an ETF + 1 or 2 individual stocks (GOOG, NVIDIA).  On Robin Hood, I can margin a match of my current 7k with a 5% interest rate. 

Question is, should I do it and just throw it into my ETF? SPY avg is 7% yr all time, seems like a no brainer to me. 

Thanks",Alex-Hanley,2025-07-22 07:26:54,0,10,https://www.reddit.com/r/investing/comments/1m5x24x/robinhood_margin_investing/
NVIDIA,1m5emxi,Betting big on Autonomous vehicles,"This sector is either the next trillion-dollar gold rush or just a bunch of glorified PowerPoints burning VC cash.

We're talking EBITDA losses from -$110M to an absurd -$687M (Aurora, you legend). But the market's still pricing them like they've already built the damn future. WRD just got slapped with a $13 PT from Morgan Stanley, thanks to its robotaxi play and an Uber deal. They're projecting breakeven by 2027. Cool story if it works. Massive if. Then there's Mobileye, the only autonomous vehicles stock actually making money. $300M EBITDA on $1.8B revenue. They're basically the NVIDIA of vision tech while the rest are cosplaying as tech companies.

But let's not ignore the clown car valuations. Aurora: $10B EV vs. $8M revenue. That's a 1,250x multiple. I need that kind of confidence in my life.",davicreaker,2025-07-21 18:47:26,20,22,https://www.reddit.com/r/investing/comments/1m5emxi/betting_big_on_autonomous_vehicles/
NVIDIA,1m4cx4d,Which stocks (list inside) will you buy (and why) if the market dips significantly?,"How I came out with this list is due to a few reasons

1. MAG 7 + super big caps like Broadcom, Eli Lilly and Netflix
2. The rest are a few stocks inside Adam Khoo's portfolio. He calls those stocks his long-term keep. (Adam Khoo is a stocks investing teacher)

The list

1. Nvidia
2. Microsoft
3. Apple
4. Amazon
5. Alphabet
6. Meta
7. Broadcom
8. Telse
9. Eli Lilly
10. Visa
11. Netflix
12. Mastercard
13. Costco
14. Palantir
15. Salesforce
16. ServiceNow
17. Booking
18. Fortinet
19. Celsius",Savings_Enthusiasm60,2025-07-20 10:43:47,0,34,https://www.reddit.com/r/investing/comments/1m4cx4d/which_stocks_list_inside_will_you_buy_and_why_if/
NVIDIA,1m3bpu0,20y/o advice on portfolio and investing,"I started investing like half a year ago 15k$, i investing almost everything at s&p 500 , recently i started buying nvidia, google , uber, shopify .
But still the largest part is s&p, i want to invest for long term and im kind of new to trading with single stocks, i would like to get advice and help because im trying to learn and im happy if you can comment what do you think",Talrrr-,2025-07-19 04:33:49,1,16,https://www.reddit.com/r/investing/comments/1m3bpu0/20yo_advice_on_portfolio_and_investing/
NVIDIA,1m39cub,Just reached $1000 in my US portfolio (US investment is around 10% of my total portfolio),"I’m a 27M Indian and I have around 10% of my portfolio invested in the US market, half VT and half Google for now. Planning to dump more into Nvidia if it dips, else continue VT and chill. My returns just crossed 10%, leading to $1000 US portfolio value. I just started a job after an MBA last year so I have been investing regularly for a year now. 

I have around $9000 in Indian index funds and gold bonds. I know $10k isn’t much for most people here, but it’s a big amount in India and I’m pumped to finally reach $10k invested. 

Since I’ll most likely be retiring in India, I’m not going to focus more than 10% of my portfolio on international diversification. Can’t wait to reach $100k now. Baby steps. I’ll get there sooner or later as long as I spend less than I earn and invest the rest. 

People who’ve spent years to reach $100k and above, I’d love to know your experience! ",Gustavus666,2025-07-19 03:01:23,23,13,https://www.reddit.com/r/investing/comments/1m39cub/just_reached_1000_in_my_us_portfolio_us/
NVIDIA,1m2by4h,TSMC just crushed Q2. Here’s why I’m still holding (and glad I bought the dip at $145),"I’ve had TSM in the portfolio for a while now (wrote a deep dive on it ages ago which still holds up). Earlier this year, when everyone freaked out over tariffs and the stock dipped to \~$145, I flagged it as a chance to load up. I bumped it to over 5% of the portfolio.

Fast forward to Q2 2025 earnings …yeah. No regrets.

The numbers slapped:

* Revenue: $31.67B, up 54% YoY 🤯
* Net income: $9.2B, up 60%
* EPS: $2.47 (beat by $0.16)
* Gross margin: 58.6% (up big from 54.1%)
* Full-year revenue growth now expected to hit 30% (up from 20% earlier)

The stock popped. And it should’ve.

What’s driving it? AI. Lots of it.

TSMC’s HPC segment now makes up 60% of total revenue. That’s up from 52% last year. Meanwhile, smartphones are just 27% of the pie now.

The 3nm node is 24% of wafer revenue already. That’s up from 15% last quarter. Nvidia, AMD, Apple, etc. are all over it. The 5nm node is still king (36%), but 3nm is catching up fast.

Revenue from the U.S. now makes up 75% of total sales. China? Just 9%. So much for “dependence on China.”

Earnings call had some juicy bits too:

Biggest Q&A themes were:

1. Can TSM actually keep up with all this AI demand?
2. When are AI customers moving to bleeding-edge nodes like 2nm and A16?

Management basically said: yes, fabs are ramping, we’re good. And yes, AI clients are *absolutely* moving to the newest stuff sooner due to power efficiency. These data centers eat electricity like crazy. CEO said the biggest constraint for AI players is power. A16 (coming 2026) is supposed to be 20% more efficient than 2nm, which already beats 3nm.

Also, about 30% of their future advanced node capacity will be in Arizona, not Taiwan. That’s a pretty clear signal they’re hedging geo risks.

Couple other things:

* Q3 rev guide: $31.8B to $33B.
* FX headwinds (strong NT$) hit margins a bit, but they still see 53%+ long-term gross margins.
* Capex for 2025: \~$40B.
* They called out tariffs and weak consumer markets as risks, but AI growth more than offsets that

If you  want more details on my TSM thesis, I wrote a full deep dive back in March (with way more context, valuation, risks, etc):

[https://www.beatingthetide.com/p/tsmc-stock-why-this-semiconductor](https://www.beatingthetide.com/p/tsmc-stock-why-this-semiconductor)",BeatingTheTide,2025-07-18 01:20:55,0,2,https://www.reddit.com/r/investing/comments/1m2by4h/tsmc_just_crushed_q2_heres_why_im_still_holding/
NVIDIA,1m20pl5,Roast my portfolio: (25M) and most of these are long term holds in my Roth and 401k.,"My biggest holding is good ol VOO (roughly 75%) next biggest is NVIDIA and then the following (not in order). 

1. LULU(buying the dip) 
2. CRCL (bought the hype, down 10% but holding) 
3. SBUX (I REALLY believe in Brian niccole, I’m up a little, this is a long term holds for me)

What are your honest thoughts on my portfolio for someone looking long term and high risk? Good/bad? And I taking too many shots at high risk stocks? ",tjl0923,2025-07-17 15:57:50,0,15,https://www.reddit.com/r/investing/comments/1m20pl5/roast_my_portfolio_25m_and_most_of_these_are_long/
NVIDIA,1m1hp8l,Investing my rainy day fund,"I’m a moderately conservative investor, I don’t have much time to research stocks. Most of my IRA is in ETF’s or NVDA. For my rainy day fund I got into Nvidia (120 shares avg 117) during the tariff dip, and that’s been great, I regret not doing more. I have about 40k sitting there. I thought about a HYSA, someone suggested ULTY, but that seems fishy and I do t fully get it. I was thinking some other AI or tech plays. Any thoughts would be greatly appreciated. Thanks.",ass_grass_or_ham,2025-07-17 01:46:29,0,12,https://www.reddit.com/r/investing/comments/1m1hp8l/investing_my_rainy_day_fund/
NVIDIA,1m1ewwm,Am I late for everything?,"Hi y’all! I’m 34 years old and moved to the U.S. four years ago. I’ve made many financial mistakes, and at one point, I lost a significant amount of Bitcoin (basically all my savings), by taking unnecessary risks with leveraged trading. That set me back five years and really affected my mental health. 

Now, I’m slowly getting back on my feet. I’ve started investing regularly in companies like Palantir and Nvidia every week. Which is total in a month be $400-$500 around. My monthly income is around $4,000, and apart from food, I don’t really have any major expenses. Im spending around $2000 in a month. 

Also Im able to invest my homeland cause currency devalued. And I can myself ‘financially free’. 

What kind of investment strategy would you recommend for someone like me? Am I late for early retirement? Like on my middle of 40’s. 

Thank you",balabani,2025-07-17 00:02:11,0,48,https://www.reddit.com/r/investing/comments/1m1ewwm/am_i_late_for_everything/
NVIDIA,1m117vv,Seeking portfolio optimization advice rolled over Ira,"
Hello,
I recently rolled over approximately $15,000 from my previous employer's 401(k) into a Fidelity IRA. My goal is to build a strong, long-term growth portfolio by evenly investing in stocks, with ongoing monthly contributions.
Here's my initial allocation breakdown for the $15,000:
 * Technology/Growth:
   * Microsoft (MSFT): $2000
   * Apple (AAPL): $2000
   * NVIDIA (NVDA): $1,500
   * Amazon (AMZN): $1,000
   * Palantir (PLTR): $1,000
   * Snowflake (SNOW): $1,000
   * Super Micro Computer (SMCI): $1,000
 * ETFs (Tech-Focused):
   * Invesco QQQ Trust (QQQ): $1,500
   * VanEck Semiconductor ETF (SMH): $1,500
 * Consumer/Healthcare/Staples:
   * Visa (V): $750
   * Costco Wholesale (COST): $750
   * Procter & Gamble (PG): $1,000
   * Johnson & Johnson (JNJ): $1,000

My Objectives:
 * Long-term capital appreciation.
 * Diversification across promising sectors/companies.
 * Consistency with monthly contributions.
Questions for the Community:
 * Given my initial selections and goals, do you have any suggestions for optimizing this portfolio?
 * Are there any particular stocks you would add, remove, or adjust the weighting of?
 * Are there any sectors or types of companies I might be overlooking for a ""strong portfolio""?
Any insights or recommendations would be greatly appreciated as I look to build a robust investment foundation.
Thank you!
 ",idontcarelolmsma,2025-07-16 11:37:15,2,11,https://www.reddit.com/r/investing/comments/1m117vv/seeking_portfolio_optimization_advice_rolled_over/
NVIDIA,1m0j79k,Just turned 18 looking for help with long term investments,"I just turned 18 years old last month. I’ve been using Robinhood under my mother‘s name and have about 1100 dollars in stocks and then 700 dollars in my bank account with a couple hundred in cash. I’m wondering if I should open my own account up now that I’m 18 and keep investing on Robinhood or just keep using my mother‘s account because it’s for a long-term investment? Also wondering, I have a lot of stocks in technology and AI what other long-term stocks with high growth potential should I look into or buy?

My Current Stock Portfolio – Total: $1,078
	•	NVIDIA (NVDA) – $210 (19.5%)
	•	Broadcom (AVGO) – $120 (11.1%)
	•	Eli Lilly (LLY) – $120 (11.1%)
	•	Snowflake (SNOW) – $100 (9.3%)
	•	Hims & Hers (HIMS) – $100 (9.3%)
	•	Reddit (RDDT) – $100 (9.3%)
	•	Walmart (WMT) – $100 (9.3%)
	•	Grab Holdings (GRAB) – $70 (6.5%)
	•	Uber (UBER) – $70 (6.5%)
	•	Neubase Therapeutics (NBIS) – $88 (8.2%)",Pdoggy0515,2025-07-15 23:26:55,5,37,https://www.reddit.com/r/investing/comments/1m0j79k/just_turned_18_looking_for_help_with_long_term/
NVIDIA,1lxynrs,What's a good way to research a good company stock,"So let's just say id like to put more money in individual stocks as opposed to buying VOO or VTI, what would be a efficient way to get an overview of companies who have a low stock price or a recent significant dip.  A blue chip stock like Nvidia for example has had record breaking growth, so it's a little too late to buy into imo. Better off finding a different company that potential",somethinlikeshieva,2025-07-12 20:56:01,32,63,https://www.reddit.com/r/investing/comments/1lxynrs/whats_a_good_way_to_research_a_good_company_stock/
NVIDIA,1lxb0m0,Advice for what to do with my Nvidia stock.,"Thanks in advance for any advice, ya'll.

About 10 years about I randomly bought $800 in Nvidia. Today it's worth about $240,000. This is by far the biggest win I've ever had and is AMAZING. I've stuck it out through the big ups and downs with this stock, and am glad I did. But the longer I'm in, and the more it grows, the more I fear a loss. I'm looking for advice/perspective on what to do with this stock and if/when to sell. Here are the relevant pieces of information:

* I'm late 30's, so I still have a decent runway for investing for retirement, though I'm working to retire early.
* My Nvidia stock represents almost half my current portfolio. Having that large of a percentage in one stock makes me nervous.
* I feel like I should sell some Nvidia (not all) to simply diversify my portfolio, but the longer I stay in... the more I've made. And of course there are so many predictions out there on where this stock will go. So it feels like that is a bad choice.
* Edit to add: this is in a taxable brokerage account

What would you do? Stay on the Nvidia roller coaster? Sell all? Sell some (how much)? Other pieces of advice???

  
EDIT: Thank you all for the helpful advice and perspectives - I really appreciate it!",JayS_415,2025-07-12 01:13:44,597,355,https://www.reddit.com/r/investing/comments/1lxb0m0/advice_for_what_to_do_with_my_nvidia_stock/
NVIDIA,1lwizpx,Should I move some funds or keep things as they are?,"Hello all,

My company 401k is currently sitting at \~220K right now , distributed as such:

\- 87K in a Schwab account comprised of :

56K in Palantir  
20K in Nvidia  
11K in Sprott Silver ETF

\- 86K in US Large-Cap Equity Index Fund. 15% growth last year 16% last 5yrs   
\- 44K in US Small & Mid Cap Index Fund. 16% growth last year 12% last 5 yrs

I am currently 56 yrs old and will stop working when I hit 60.  In addition to the above, we have another 401k w/ 240K and 560k in our Roth's. I'm wondering if maybe I should move that 44K into something else, maybe VOO or QQQ?  I realize the growth is decent but could i get more out of it somewhere else?  That 87K in Schwab used to be 43k in a Global Equity Fund that i reallocated...   
  
The other 401k is a  TSP comprised of C,S and I funds that have grown about 20% each of the last few years, except the COVID era so I think that one is all set.  The ROTHs are more a conservative 60/40 split that has done pretty well considering its more conservative nature.

So what do you think? Should I try to get a little higher growth rate using the small / mid cap funds or be happy with where I am, considering I will stop working in 4 yrs?   I will have enough passive income to cover my monthly expenses @ 60 and beyond so I'm basically looking to grow these balances vice having a need to withdrawal from them, if that matters.



",Forsaken-Mark-1898,2025-07-11 02:39:55,4,17,https://www.reddit.com/r/investing/comments/1lwizpx/should_i_move_some_funds_or_keep_things_as_they/
NVIDIA,1lw6p0b,"Suggestions on 1.1 Lakhs of investment per month (In hand 2.1 Lakhs/month post PF, post tax, post medical insurance) for my wife","Domain: VLSI/Semiconductor

She wants to remain invested for 15 years with the following plan:

75k SIP : | Small cap:40% | mid cap : 40% | Index : 20% | (able to secure 18% XIRR in two years)

10k PPF

5k NPS

1gm physical gold (around 10k) - optional depending on availability

10k employee stock options. Good returns in the past (nothing like Nvidia but they give stocks at 15% discounted rate)

She has already saved enough for 6 months as emergency funds.

No other investments from her.",Intrepid_Discount_67,2025-07-10 16:34:41,0,2,https://www.reddit.com/r/investing/comments/1lw6p0b/suggestions_on_11_lakhs_of_investment_per_month/
NVIDIA,1lw0ltf,Today I made $1m gains by selling my entire Nvidia portfolio,"Today marks perhaps my greatest investing milestone of all time!  The short story is I bought $36,000 worth of Nvidia over the course of 8 years. Last year I told myself once my account breaks $1m profit, I will sell the entire position, lock in the gains, and have a hell of a story to share for life.  Well today Nvidia hit a new all time high and I made that dream come true.

Below is a long version of how it all came to be: 

I first acquired Nvidia back in Feb 2017 and in a few lump sum purchases wound up with a total of 6,500 shares of NVDA.  My first purchase was for 1080 (in honor of my GTX 1080 I bought that year) and the share price at the time was a whopping $2.77!  My total investment around this time was $4000.  

Edit: I looked up the actual purchase numbers and the number of shares was actually 27 at $110 but since Nvidia had split multiple times, the number shown in my report today was reflecting those splits.  End of edit 

Back in 2017 all the talk was about Crypto mining and I naively thought Nvidia was the way Bitcoin would be mined forever so I bought into the mantra “during a gold rush, buy the company selling the shovels”.  This was around the time BTC hit $20,000 for the first time but it quickly collapsed and I was introduced into the volatility of the crypto world.  But I still held my Nvidia because I believed crypto was still at an early adoption stage.  

Over the next few years I continued to buy small amounts of Nvidia, in chunks of 100 shares here, 900 shares here, and eventually had 6,000 shares by 2019.  The average cost of all of these were around $2-$8 in today’s value.  

2019 is a significant milestone for me because I made a major life decision to move to Puerto Rico.  This move was made for several reasons but one consideration is the 0% tax on capital gains from stock sales.  I didn’t consider Nvidia being the one stock to move for but one reason for selling the whole lot was to lock in the 0% capital gains today 

I remember somewhere around 2019-2020 starting to think that GPUs and Nvidia specifically weren’t going to be tied to crypto as much as it would be the hardware needed to power self driving cars.  The hype around Tesla was growing and crypto mining started moving away from personal computers and I learned GPUs were falling out of favor for more powerful ASIC mining rigs.  So my mentality moved from Crypto to Electric Vehicles.  Keep in mind, I really didn’t know a lot about any of this and I view my Nvidia convictions at the time more as luck looking back.  

Then in 2020 the Pandemic hit and we saw major sales of GPUs for gaming, virtual reality, and supply chain disruption and of course massive inflation.  Stocks across the board were super volatile but in general things went bonkers in the tech sector.  Tesla was killing it and Nvidia might have doubled during this time.  It still had not gone parabolic yet but I still just kept holding onto my initial position.  My portfolio wasn’t really moving in any major way yet and in early 2019 I was actually slightly negative in my total Nvidia investment.  

Then in 2023 we saw the first mainstream use cases for Ai started popping up.  I’m in the photography and videography world so I noticed how disruptive image and video creation would be as soon as it hit.  All my colleagues were making images in Midjourney when the majority of my non photo friends had no clue what Ai image generation even was.  It ballooned quickly and that’s when my mind set changed a third time. Now Nvidia was going to be needed for data centers and personal computers to power this new Ai revolution.  It wasn’t about crypto or self driving cars anymore, it was about perhaps the biggest innovation humanity has seen since the internet was launched and the iPhone was revealed.  

Seemingly overnight my portfolio was sky rocking.  Where just a few years prior, Nvidia was in the red for me, it quickly started carving out a large portion of my portfolio.  Once a liability, Nvidia now made up 10%, 20%, and 30% of my entire investment account and retirement funds.  There were days when I would log in to see I had made $100,000 that day and a week later it would swing down -$105,000.  It was pretty crazy to see a full year’s worth of income bouncing around day by day in my account.  The temptation to sell had always been there since 2017 when I was up 20-100% but now I was up 4,000% and the temptation was even greater.  Every single one of my friends was telling me I had to take profits off the table.  I wound up holding.  

The last major purchase I made was in July 2021. I bought 400 shares for $14 which at the time was 3-5x what I had bought previously.  

Jump to June 2024 when Nvidia hit an all time high of $130.  My wife and I had just had our first child and my Nvidia position was hovering around $800,000 in total gains.  I knew I only had to make it to $160 per share to break the $1m mark and I told myself I would sell everything if that happened.  Of course the next month Nvidia corrected pretty hard and the reality of hitting $160 didn’t seem possible until July 3rd 2025, nearly a year after I made my original decision to sell.  

I should have sold everything on July 3rd but I didn’t realize the trading day was shortened for the 4th of July holiday coming up. I also didn’t setup any automated sell triggers since I wanted to ceremoniously do the trade myself.  It worked out in my favor as I was able to sell today at $163 and make a little more than the $1m cutoff I originally set to sell at. 

Here are the raw numbers:

Total invested: $36,352
Total sale: $1,059,591
Total gains: $1,023,238
Average cost per share: $5.60
Time to materialize: 8 years and a lot of emotional rollercoasters!


I know a lot of people get caught up in fancy investment options that feels more like gambling but hopefully this success story inspires those of you who are like me and just what to buy shares, hold them, and eventually offload them when the time seems right.  

",HudyBudyFudyWhudy,2025-07-10 10:46:40,10949,1008,https://www.reddit.com/r/investing/comments/1lw0ltf/today_i_made_1m_gains_by_selling_my_entire_nvidia/
NVIDIA,1lvnya7,NVIDIA tops $4 trillion market cap,"The NVIDIA company has topped $4 trillion dollars in its market cap. This puts the company ahead of early rises such as Apple and Microsoft and makes it the first company to reach the four trillion dollar milestone.

Earlier this year NVIDIA took a dive as people questioned its value in the AI market, especially with DeepSeek promoting AI models on less expensive hardware. Now it's back up and at record highs, both for the market and the company.

Do you think we'll see NVIDIA climb higher, or is the shine starting to wear off the AI bubble?",daemonpenguin,2025-07-10 01:56:20,157,41,https://www.reddit.com/r/investing/comments/1lvnya7/nvidia_tops_4_trillion_market_cap/
NVIDIA,1luypet,IonQ The Next Disruptive Opportunity In Quantum Computinginformation!,"IonQ is leading quantum computing with advanced trapped ion technology and expanding into quantum networking with the aim of building a disruptive quantum internet.

The hybrid business model - hardware sales plus quantum computing-as-a-service - enables IonQ to realize scalable growth and attractive future margins through its cloud platform.

Despite high cash burn and industry uncertainty, I expect IonQ to be cash profitable by 2028-2029 with significant upside potential.

Given IonQ's technological strength and strategic direction, I recommend buying the stock with a target price of $97, despite the inherent risks.

I see a landmark investment opportunity in IonQ, a leading company in the quantum computing industry that has made significant advances in ion trapping technology, enabling room-temperature operation, high-fidelity quantum gates, and a clear roadmap for scaling. The company has expanded its business model to include quantum networks, which are easier to commercialize and provide IonQ with all the elements needed to build the so-called “quantum internet” - a global alternative network of quantum servers and connections. All the elements needed to build what is known as the “quantum Internet” -- a global alternative network of quantum servers and connections. Finally, the company has adopted a hybrid market-entry strategy that appeals to me, combining hardware sales to some customers with a commercialization model that sells quantum computing services to others.

The high level of uncertainty makes it difficult to arrive at a definitive valuation; however, I am fairly confident that the company can establish a price of $97 per share, and I therefore recommend purchasing the stock.

In today's world, most people consider quantum computing to be an esoteric science. What's more, on January 8, 2025, NVIDIA CEO Jen-Hsun Huang declared at NVIDIA's Consumer Electronics Show Financial Analysts Event, ""If you're saying that 15 years from now there will be very useful quantum computers, that's probably too early. If you say 30 years from now, it's probably too late."" A few days later, he realized his comments were overblown and changed his mind. As evidence, NVIDIA has software CUDA-Q dedicated to quantum computing.On June 11, 2025, Jen-Hsun Huang announced that quantum computing is at a turning point. I think it's time to consider the opportunities in this industry. Previously, I analyzed D-Wave.

Leading Quantum Computing Companies

Most quantum companies are in the experimental stage and are still using unproven technologies even when they commercialize them. The only company with higher revenues is D-Wave Quantum Inc.; however, D-Wave Quantum uses quantum annealing, a technology that focuses on solving optimization problems for narrow application scenarios. IonQ is, in my opinion, the most advanced company in the industry using ion-trap quantum bits. The company's $1.075 billion acquisition of Oxford Ionics will advance this technology, which is expected to reach 256 physical quantum bits by 2026 and 2 million quantum bits by 2030, solidifying its leadership position.

With this technology, the company can operate at room temperature without cryogenic cooling. The miniaturization effort reduces materials, which saves energy and lowers computing costs. In addition, the company's computing systems are among the most reliable, with 99.9 percent fidelity on its barium platforms (especially the Tempo system).

Quantum Internet

The company has expanded into quantum networking, which allows it to leverage technologies such as photonic interconnects and quantum repeaters to deliver new ultra-high-speed networking platforms ranging from terrestrial fiber optic networks to space infrastructures. These capabilities further enhance IonQ's leadership position, giving it the ambition to disrupt the computing and communications industry. I'm not sure the company can achieve this goal, but I take its strategic direction very seriously.

The company has grown this business both endogenously and externally. Over the past few months, the company has made strategic investments in its quantum networking business, including Qubitekk, ID Quantique, Lightsynq, and Capella. through these acquisitions, the company will be able to design, build, and integrate hardware and software for quantum networks and develop quantum security and quantum detection systems, such as the one Qubitekk offers. systems provided by Qubitekk. In addition, the company will be able to extend network distances using quantum repeaters and develop quantum space communications.

Mixed Market Entry Strategies

In my investment screenings, I look for companies that are trying to disrupt the world, and IonQ has been ambitiously trying to do just that with quantum computing, and today they are even disrupting the Internet with quantum networking. Crucially, they're trying to sell it as a platform; their mission is not just to be a hardware provider. Obviously, in its infancy, the company developed multiple commercialization models, both as a hardware provider and as a platform provider.IonQ has been working closely with its customers, primarily government agencies, and conducting experiments with them. Instead of a product, they have a specialized set of solutions that include custom cooling systems, unique isolation systems, and specialized electromagnetic shielding. These systems are the Harmony or Aria systems. The latest systems are standardized, modular, and scalable, and are ready for use in data centers, enabling them to be used as a service.IonQ is the only quantum company that offers its services through the three major cloud service providers (Amazon Web Services, Microsoft Azure, and Google Cloud). This Quantum Computing-as-a-Service (QCaaS) model is very attractive to me because it offers higher margins and a network platform that can leverage the network effect, thereby protecting it from competition.

Path to Profitability

The company has been a huge cash burner over the past 12 months. Operating cash flow was negative $164 million, which is higher than the 2024 cash burn of $85 million. The outlook for the company doesn't seem too promising.

However, I think the company is at a turning point. The company has a relatively mature product that has proven beneficial to its customers. IonQ now has a robust new quantum networking business that is more profitable than quantum computing. The company is expanding cautiously despite its capital consumption, and I expect it to continue to improve.

Valuation

The emergent nature of IonQ makes my 10-year model insufficient to forecast cash flows. Therefore, I extended the evolution of free cash flow to 250 years and considered several scenarios. All scenarios are based on the assumption that the growth rate of free cash flow decreases until it reaches 3%. 3% growth rate indicates that the company is growing in line with the economy as a whole, which means that it is not able to differentiate itself from the competition, and that the industry as a whole is growing in line with the economy. It will take at least 17 years to reach this state, which I think is quite conservative in this disruptive industry.

You can observe that in Scenario B it takes 2042 and 2045 to reach a 3% growth rate, whereas in Scenario C it only takes three years. The effect of this change is that the stock price rises from $19 per share in Scenario B to the current $41 per share in Scenario C. I believe that Scenario A is very feasible because you can stabilize the business at a 3% growth rate in 2050 with a stock price of $97 per share. My conclusion is that any numerical valuation is too sensitive to achieve a reassuring figure. However, I foresee a scenario where the value of the business exceeds its current share price. With a beta of 3.62, cash flows are discounted at a weighted average cost of capital (WACC) of 18.2%. The risk-free rate is 4.5%. The company is leveraged at 5% and using equity as market capitalization, I consider that the company has $328 million in excess cash.

Risks

The quantum computing industry is fraught with uncertainty, and IonQ's business even more so. Quantum performance is expected to outperform traditional computing. However, at NVIDIA's GTC conference, simulations using Ansys software achieved only a 12% time improvement, which is not particularly impressive if their goal is to disrupt the computing world. If the improvements in quantum computing aren't significantly better than traditional computing, revenue growth won't be as high. This would have a huge impact, and I estimate that my valuation could fall by more than 50% from the current share price. The probability of this happening is low, as quantum technology has shown some stability and its own potential far exceeds that of traditional computing.

In this paper, I have explored IonQ's competitive advantages, which are significantly better than those of its competitors, and a more comprehensive and integrated business model. As a result, I do not believe that competitors will eat into much of the company's market share. However, margins are likely to decline further. Gross margins have declined from 74.7% in the first half of 2022 to 50.1% last year. 2022 EBITDA was negative $89 million, compared to negative $234 million last year. Whether margins will decline further in the future is uncertain. Sales and marketing costs are likely to be higher and customer acquisition costs will be higher than expected.",Aluseda,2025-07-09 05:01:43,0,1,https://www.reddit.com/r/investing/comments/1luypet/ionq_the_next_disruptive_opportunity_in_quantum/
NVIDIA,1lr6ysx,Should I put my money in stock account or HYS?,"For context, i’m 18 and have been putting all of my saved money into SPY, VTI, Nvidia, etc… In y’all’s opinion would I be better to just play it safe and use a hys account or just keep my money into etf’s/stocks?  (Also already up 8% in the last 2 months)",ZookeepergameNo4406,2025-07-04 10:55:38,4,38,https://www.reddit.com/r/investing/comments/1lr6ysx/should_i_put_my_money_in_stock_account_or_hys/
NVIDIA,1lqu3ke,Dump nvidia based on Microsoft news?,"Two years ago I yolo’d a large portion of my cash into nvidia.  

It’s performed fantastic and I was thinking of holding long term, however now that Microsoft has announced their chip, I’m concerned about the long terms prospects of nvidia. 

Should I take profits and diversity? Hold? About 60% of my portfolio is in nvidia 

What would you do in this case? 

",718nycguy,2025-07-04 01:32:42,0,16,https://www.reddit.com/r/investing/comments/1lqu3ke/dump_nvidia_based_on_microsoft_news/
NVIDIA,1lptsmr,Thoughts on my portfolio at 18?,"Hey, I'm 18 and i live in RO {Europe). I get around 200-300 EUR per month from scholarships and allowances. i would be willing to invest around 60 EUR per month, maybe 80 or 90 EUR if i catch on well.

I don't have a clear objective (house/car etc.) but i'd like to basically maximise this money in a year with a risk tolerance of losing maximum 50% of the investment. After this year i will end college and i will probably get a job allong with uni.

I don't have anything invested yet. I tried investing 50 USD in some stocks (MEG, NVDA, BAC, CRM) in february, but then sold them in under a month with a 10USD loss because i had a low risk tolerance. I have also invested 52USD in BTC but sold it too with only 1 USD difference.
I have no debts and no utilities to pay except gym membership and some meals.

Do you guys have any recommendations for me? i just opened an account on trading212 and I made a portfolio that consists of:
17% Microsoft
15% Apple
15% Tesla
10% Amazon
10% Shell 
9% Mastercard
8% Cloudflare
8% Nvidia
8% Roblox",FearlessWorker6498,2025-07-02 20:50:30,0,12,https://www.reddit.com/r/investing/comments/1lptsmr/thoughts_on_my_portfolio_at_18/
NVIDIA,1lpa48i,Does anything in Washington really affect investing?,"I'm so confused as to when is a good time to invest politically. Like right now the stock market is up, so does that mean things like the big bill is actually a good thing from the standpoint of investors? If it is, how does what the bill does increase things like consumer confidence and spending? I assume that's how stocks go up, right? If everyone pulls back, stocks would go down, I assume. I'm not an investor, all I know is some things look kind of good to invest in in the future like say UPS, Gold that pays dividends, Nvidia, etc.  ",GTRacer1972,2025-07-02 03:56:03,0,37,https://www.reddit.com/r/investing/comments/1lpa48i/does_anything_in_washington_really_affect/
NVIDIA,1lp82p8,how do you invest for the singularity,"I am convinced that we will probably reach AGI (artificial general intelligence) in less than 5 years, and ASI (artificial super intelligence/ ai smarter than all humans) shortly after.  
However, looking around, it seems to me that ordinary people are extremely underestimating the pace of AI progress and, above all, its capacity to transform the world.  
But this has been discussed often here. What I want to ask you instead is: how can I leverage this intuition?  
The best way I've thought of is investing. If AI has the ability to radically change the world and replace most jobs, then it will also be worth a ridiculous amount of money.  
Giving a precise estimate is impossible, but it doesn't seem hard to imagine that an ASI capable of creating fusion reactors, immortality (rejuvenation), and hundreds of new materials could be worth tens or hundreds of [trillions.So](http://trillions.so/), I started investing and learning about this world, but it seems to me that most of the advice, principles, and metrics used are useless.  
Things like the price-to-earnings (P/E) ratio and growth prospects are not useful if an ASI is created.  
Even among funds dedicated to AI companies and among investors betting on AI, it seems to me that they are still thinking with the wrong mindset.  
In fact, as soon as an ASI is created, a lot of companies will lose their value very quickly.  
What is the value of Nvidia if an ASI creates a better chip in 2 months? What value can software have (Office, Windows, whatever Palantir does) if an AI can program a custom operating system in half a day?  
Therefore, in my opinion, the logic for a long-term investment should be:

1. The quantity of physical resources available (datacenters, foundries, power plants, robots).
2. The ability to be the first (or among the first) to develop an AGI/ASI.

Based on these principles, I believe the best companies for the long term are:  
Google, ASML (creates the machines to make chips), TSMC, Amazon (owns a bit of Anthropic, and a bit of Digit (robots)), Microsoft (OpenAI, servers), Meta (although I doubt their ability to reach AGI first), Intel (foundries), Tesla (humanoid robots).

A possible problem with investing, however, is that we will most likely see a recession caused by job losses. It would be a great shame to invest now and not wait for the probable crash.What do you think? How are you approaching investments?",gianfrugo,2025-07-02 02:38:18,0,30,https://www.reddit.com/r/investing/comments/1lp82p8/how_do_you_invest_for_the_singularity/
NVIDIA,1ljdwok,"Advice for avoiding a wash sale. Defining ""substantially identical""","I have underwater positions in SOXL I want to sell off and declare the losses against my gains on my taxes.

I've also bought positions in AVGO (Broadcom), NVDA (Nvidia), FNGB (ETF of MegaCap tech companies including Nvidia) and TECL (ETF of MidCap-MegaCap tech companies including Nvidia, Broadcom and other semiconductor companies) within the last 31 days

Will any of those stocks/ETFs be considered ""substantially identical"" to SOXL and void my ability to declare my SOXL losses on my taxes?",Civil-Nothing-1175,2025-06-25 00:20:02,1,13,https://www.reddit.com/r/investing/comments/1ljdwok/advice_for_avoiding_a_wash_sale_defining/
NVIDIA,1ljdjmz,"Investing for 15+ years, whats your recommended strategy?","Hello, I manage to invest 600-800€ per month living in Germany and this is my current pie. Would you recommend adjusting it or maybe making it completely different? Thanks for your opinions.

Vanguard S&P 500 (Acc) - 15%  
Apple - 13%  
Nvidia - 12%  
Microsoft - 9%  
Alphabet (Class A) - 9%  
iShares NASDAQ 100 (Acc) - 9%  
Amazon - 7%  
Broadcom - 7%  
Rolls-Royce - 7%  
Meta Platforms - 6%  
Unilever - 6%",nxstymatt,2025-06-25 00:06:21,3,34,https://www.reddit.com/r/investing/comments/1ljdjmz/investing_for_15_years_whats_your_recommended/
NVIDIA,1lhul3c,Advice about ethical investing?,"
So, for context, I’m from Spain and almost 30. I started investing around two years ago, when I didn’t really know how it worked. My biggest investment was my current house, which I bought for around 200,000€, and I’ve also put some money into the stock market sporadically (around 3,000€ total), investing in the classics like Amazon, Apple, Microsoft, Nvidia, and Coca-Cola, by buying individual stocks through Revolut, not funds or ETFs. 

I never invested in Tesla, Netflix, and some other companies because they go against my values (Elon Musk, subscription services, gas or arms companies, etc.). But over time, I’ve realized that many of the companies I have invested in don’t align with my morals either, especially after some of them publicly supported Trump (Meta, Amazon, etc.) or Israel (Carrefour, McDonald’s, and many more).

Now I’m dealing with an internal conflict. I want to make money, but not by supporting unethical companies. I’ve noticed that a lot of funds and ETFs also include these companies in different proportions, and the ones that don’t often don’t perform well. So it’s hard to find ways to invest that feel both profitable and principled.

I guess my questions are: how do you align your values with your investments? Do you think there’s a middle ground, and if so, how do you find it? Do you have any recommendations for specific companies, funds, or ETFs that are both ethical and profitable? Or would it make more sense to put the money into a high-yield savings account, crypto, gold, or something else?

All feedback is welcome.
",cheesebandita,2025-06-23 03:14:37,0,19,https://www.reddit.com/r/investing/comments/1lhul3c/advice_about_ethical_investing/
NVIDIA,1lfdnu4,Thoughts on investment strategy,"Hi everyone, 

I'm 39/m, living in Europe, with inherited US dollars in a Schwab international account, so I cannot invest in mutual funds or ETFs, only individual stocks and bonds. Initially I bought multiple US treasuries with various maturity dates from 2025-2032, just to avoid having to think about it. Then, about a year ago, I started investing 750$/month in 15 individual stocks via Schwab's ""stock slices"" service (so 50$ per stock per month), thus slowly increasing the stocks percentage as bonds start maturing and freeing cash. Since I can't just buy a S&P500-ETF, my idea was to represent it with these 15 stocks, focusing mostly on growth/tech, with a few defensive dividend positions as well, and avoiding big finance, fossile energy and defense industry (just personal preference). I'd be curious to hear what people think of my picks: 

Apple / Microsoft / Nvidia / Broadcom / Adobe / PaloAlto Networks / ServiceNow / Merck / Abbvie / Vertex Pharmaceuticals / Procter&Gamble / NextEra Energy / MainStreet Capital / Realty Income REIT / WasteManagement 

I realize scientifically speaking ""time in the market beats timing the market"", but I just feel more comfortable psychologically with the approach of slowly building the stock portion, as opposed to just buying lump sums of all these stocks at one random moment. 

Any thoughts or improvement ideas would be appreciated! ",ciprianoderore,2025-06-20 00:27:57,4,11,https://www.reddit.com/r/investing/comments/1lfdnu4/thoughts_on_investment_strategy/
NVIDIA,1lcu5cs,Your best & worst “heard it from a friend” stock picks?,"
I’m usually not the type to follow other people’s stock tips, but Lucid really caught my ear when someone brought it up a few years ago. I ended up buying it… and yeah, that was hands down my worst decision.

On the flip side, Nvidia was my best though to be fair, I was already planning to buy it. I guess hearing others talk about it gave me the extra nudge I needed.

What stock did you buy just because someone else said something and how did that turn out for you?
",Andy_parker,2025-06-16 23:23:43,99,177,https://www.reddit.com/r/investing/comments/1lcu5cs/your_best_worst_heard_it_from_a_friend_stock_picks/
NVIDIA,1lck4ak,Is anyone here who beat the market (no etf in the portfolio),"As title says, is anyone who actually beat the market from last 10 years without any etf?

If yes then how your portfolio looked like in those 10 years? 
(I mean what was your tickers in the portfolio). 

I’m 30 years old and earn about $150k per year. 

Thinking to go all in stocks. I do have only 1 etf (VOO) and currently holding following companies for next 10 years:- Google, Uber, Amazon, Nvidia, Intel, ASML, UPS, TGT, ENPH, DVN, UNH. 

If I choose to sell my etf (around $40k) where should I put that money to? (Get the current holdings bigger or add few more tickers in portfolio?)

All your thoughts will be appreciated.",YourSecondFather,2025-06-16 13:45:32,23,135,https://www.reddit.com/r/investing/comments/1lck4ak/is_anyone_here_who_beat_the_market_no_etf_in_the/
NVIDIA,1lc6y0t,IonQ shares may plummet tomorrow,"Full disclosure: I have 6/20 puts at a 39 strike.

I’ve been following this massive insider sale story very closely since I first learned about the CEO filing his Rule 105b5-1 (intent to sell) of a vast majority of his shares. 

Background on IonQ, it’s a highly speculative quantum computing company that has nearly doubled in the last 90 days after its new CEO de Masi stepped in. De Masi has spent the last 90 days going on Bloomberg and CNBC advertising the impending breakthroughs in Quantum and the future value of his company being the next NVIDIA. He must be really excited about the long-term growth of this company and be heavily vested in its future success right? WRONG.

Him and his other executives/directors just sold a MASSIVE amount of their shares on Friday after hours. Like actually sold. Not just filing a form with the SEC with the “intent to sell. They filed Form 4s which are official sales. They collectively dumped $113M. With the CEO selling 80% of his shares. Many other executives with significant sales, some directors nearly completely cashing out. 

Ok so why is this a problem? Shouldn’t they be able to get paid? Yes and no. It’s not entirely uncommon for a CEO of a company to offload shares. Sometimes those volumes can be big. But if you’re the CEO of a $10B purely speculative tech company that is currently losing hundreds of millions a year with no foreseeable path to profitability, your ownership is key to investors conviction. If you aren’t aligned, how are we supposed to have faith in a long-term story.

He sold $103M, shouldn’t he be allowed to get rich? He’s got new incentive shares available if he hits milestones? He’s already rich…. he had tens of millions before cashing out. He’s not hurting in the lifestyle department. If he really thought this was the next NVIDIA as he said, his $103M could be worth billions in the future. If you already have more money than you’d ever spend, why the hell would you sell out? Because he’s calling the top, at least for now. He pumped the fuck out of the share price in his 90 days, and he knows this is the top. 

There is no good reason a company this unprofitable with tech that could be anyways from 5-20 years from being practical should be priced the way it is. Maybe there’s long term upside. If IonQ wins the quantum race. But right now it’s anyone’s game. Nothing is going to happen soon.

He already won, he cashed out at recent highs. As far as I’m concerned his future incentive based shares are meaningless because whether this works or fails he just got paid $103M for 90 days of work is cashed it. If IonQ goes to zero, he still has enough more to become a billionaire investing in the markets by the time he’s 80.

Alignment is broken. If people really consider the weight of this, they will dump. But it is so hard to rationalize with IonQ bulls because they are the epitome of moonshot speculators. They will do anything to justify a gross overvaluation for a purely speculative stock bc they all think this is “their money ticket”. It’s not, certainly not right now. De Masi knows more than us about where this company is going in the short/medium term and he just said he doesn’t want his money along for the ride. 

If you are long IonQ, you’ve got a ton of volatility headed your way and a CEO who doesn’t want his money on the table. If you’re a regard like me, there is huge opportunity in puts if morons stop artificially inflating the price.

This company should be priced for what it is, speculation. $1B market cap not $10B. $5 share price not $40-50. 

I may or may not win my bet, but holy shit this is shaping up to be one of the biggest pump and dumps I’ve seen of a speculative tech company in my life. 
",notexactly_butclose,2025-06-16 03:12:09,48,92,https://www.reddit.com/r/investing/comments/1lc6y0t/ionq_shares_may_plummet_tomorrow/
NVIDIA,1lak6oy,Just wondering about selling MCD,"Hi there (22M),first time posting in this community. Only recently started really looking into my portfolio and wanting to maximize it.

I’ve been investing for a while with about $17 K invested myself into various stocks. My accounts sitting at 24K. I have quite a bit of exposure to tech as I am trying to be quite an aggressive investor while I’m young. I ended up investing into Nvidia in May 2023 and that stock just doubled for me over overtime, I’ve also realized that back then I put about 1 k into MCD and have gotten some dividends back however I’m questioning if I should buy more Nvidia, will go into AMD and expose myself to more high-yield instead of dividends. 

Any feedback or advice would be much appreciated. I thank you in advance !!",Legitimate-Zombie-15,2025-06-14 01:22:37,4,5,https://www.reddit.com/r/investing/comments/1lak6oy/just_wondering_about_selling_mcd/
NVIDIA,1l91z80,"I just inherited $30,000, what should I do to make it grow in 5 years?","I’m trying to learn day trading, and I’m willing to put aside a couple grand to try it out, but I don’t want the other $25k to just sit there!
What are some good investing opportunities that are medium risk? I am also willing to lose 10k on riskier investments!

Edit: so just some more context- I am 29 and have $9,000 already invested in tech stocks with a growth of $1,800 (nvidia). My total net worth is $60k, 30k being money I saved myself without the inheritance. I am hoping to save 75k by year end.
I am also seeing that a lot of people hate day-trading here, which I can understand. I am not planning on throwing away my money, just thought it could be interesting to learn and have a cap on my losses if I tried it. ",Pokearo0,2025-06-12 04:37:00,0,38,https://www.reddit.com/r/investing/comments/1l91z80/i_just_inherited_30000_what_should_i_do_to_make/
NVIDIA,1l90f50,NVIDIA Major Percentage of my Gains,"My total unrealized gains across my investments are 90% from NVIDIA. I believe NVIDIA is a great company that is very likely to keep growing as AI becomes more and more a part of our lives. I am just afraid of sh*t hits the fan, I am completely toast. What should I do in this case because I don’t want to sell? Just invest more in different stocks?",AB2066,2025-06-12 03:35:35,9,36,https://www.reddit.com/r/investing/comments/1l90f50/nvidia_major_percentage_of_my_gains/
Apple,1mcqpz8,Why Choose S&P 500 Over Nasdaq 100? Convince Me Nasdaq Isn’t the Obvious Best Choice,"Hey,
I’ve been investing solely in the S&P 500 for a while now, and I like its broad exposure to 500 companies across all sorts of sectors. It feels like a safe, steady bet with solid returns (around 10.5% annualized historically). 

But lately, I’ve been eyeing the Nasdaq 100, which seems to crush it with higher yields. The Nasdaq’s tech-heavy focus, with giants like Apple, Nvidia, and Microsoft, makes it look like the obvious choice for maximizing gains.

I’m wondering if I’m missing out by sticking with the S&P 500’s slower, diversified approach. 

Why should I keep my money in the S&P 500 instead of jumping to the Nasdaq 100 (like QQQ) for that sweet growth? Is the diversification really worth it when tech seems to dominate?


Edit: I didn’t expect all those replies thanks for sharing your prospectives!",Embarrassed_Steak309,2025-07-30 08:16:15,167,266,https://www.reddit.com/r/investing/comments/1mcqpz8/why_choose_sp_500_over_nasdaq_100_convince_me/
Apple,1mbr63l,Plans for investment money from savings,"I have over 10k in my bank account just sitting there and feel like it’s time to start investing my money. I’ve looked into SPYs and other stocks like nvidia and Tesla (tech) and want to know what would be the best plan of action for someone like me. Average in on my price and buy certain amounts? Also what percentages should be invested into companies like nvidia and Tesla and apple and which should be invested in spy’s and qqq? I’m sorry if this ain’t allowed just feel like I’m just losing time , I know I’m not going to become a billionaire over night but want to get things rolling. ",NiteZTV,2025-07-29 05:19:54,2,3,https://www.reddit.com/r/investing/comments/1mbr63l/plans_for_investment_money_from_savings/
Apple,1m9nlyp,Just starting my portfolio…,"Hi, everyone!

I’m a 22 years old from Spain just starting to invest, I’d say around 350 USD per month, in order to create a good portfolio in the long term. This is how it’s looking right now. Any feedback you could share? Of course it’s not that diversified just yet, but I’m working toward that goal. Next month I’m planning to add Visa, Apple, and I’ll start adding AUM5 (Amundi S&P 500ETF) gradually along individual stocks to ballance risk a little bit. Also, let’s see how UNH’s EC goes.

Brokerage account
Total value: $688.46 🔻0.12%

Holdings:
	•	UnitedHealth (UNH)
0.99 shares @ $281.60 → $281.60 🔼 0.33%
	•	Meta Platforms (META)
0.32 shares @ $713.60 → $232.40 🔻 0.49%
	•	Lockheed Martin (LMT)
0.27 shares @ $422.34 → $115.89 🔻 0.70%
	•	Johnson & Johnson (JNJ)
0.34 shares @ $168.45 → $58.60 🔼 0.39%


Thank you!",Applesferaeditor,2025-07-26 16:48:48,0,4,https://www.reddit.com/r/investing/comments/1m9nlyp/just_starting_my_portfolio/
Apple,1m9l0jj,Best stocks for my Roth IRA ?,"Hi everyone. So I’m 18 and I have around 17.2k in the stock market from free GE, Apple and more stock. I have most of it in my utma account. I want to put around 1k a year in my Roth IRA to start. I already have Nvidia, Pfizer, ford, Nike, Chipotle, and other big brand name stocks. I’m up money in every stock I have. I recently bought NVtS and did an order for CSCo Can anyone give me recommendations on stocks to get out of these. I still have about 360 dollars I want to put in my Roth IRA until 2026. I was thinking between MRVL ( Marvell technology inc ), VRT ( Vertiv holdings )., CWAN ( Clearwater analytics ), CFLT ( Confluent inc), SOFI ( sofi technologies ), PLTR, ( palantir ). Dow chemical, and especially considering ABT ( Abbott laboratories ). Do any of these stocks sound good to get and at what price should I look for. I’m intrigued by ABT due to the fact they keep increasing the dividends every year. If anyone out there would like to give feedback to me on these stocks I would greatly appreciate it. ",Johnlok28,2025-07-26 14:10:52,1,29,https://www.reddit.com/r/investing/comments/1m9l0jj/best_stocks_for_my_roth_ira/
Apple,1m86k3r,Should I diversify out of google?,"Right now I have an investment account, with about 700 shares of googles worth around 110,000, which makes up about half to a third of my 250,000~ $ portfolio. I’ve made some good choices with my other stocks like buying nvidia in 2022, (up 30 grand on that one) other mixes includes blue chip tech stocks like Apple Microsoft, aswell as the s&p 500. I like google and it’s a strong company but I also think that I have too much of it.",Dear-Head-5035,2025-07-24 23:54:32,23,47,https://www.reddit.com/r/investing/comments/1m86k3r/should_i_diversify_out_of_google/
Apple,1m57u2n,I finally wrote down my investment philosophy,"Quick background: I have been a fairly successful investor over the years and can usually see a consumer trend in early stages (I work in marketing and advertising, so I recognize a good brand move when I see one). 

However, I have lost out on millions in profits over my life because of now following a philosophy. Sold too soon, bought on hype, or ignored rot in companies I have invested in. I’ve also sold good investments for not so good (like a whack of Apple before iPhone for a so-so property improvement and half a bitcoin for an “ok” vacation). 

So I finally wrote this out and have promised myself to follow this mantra. 

Any ideas to add or constructive critiques are welcome! Please borrow anything you feel makes sense for you. 

~~~~~~~~~

*Investment strategy*

Overall philosophy: Buy and hold equites and ETF funds where I believe the market will go. My purchases will be supported by my research and gut feelings about where the world is headed, what people will need and want, and what I see and hear the products and sectors do to address my assumptions.

Buy and hold: This is an area where I have been weak. I have sold winning companies too soon. I feel they have “peaked” when, in reality, they are just starting to gain traction. If a stock rises more than the S&P or at least at the same rate, I should hold it.

Sell only if it’s obvious there are underlying problems: If an equity is clearly in trouble, being displaced, not progressing or showing poor management, hold for as long as I can and then bail. Sell at a loss if need be, but it should be deliberate and thoughtful.

Don’t buy the hype: Avoid buying stocks that are being hyped or seem unrealistic in their charms. And…

Be curious: When trend start, watch them to see where they go. Some things stick, others don’t. Let time pass and be ready to join in on something if it looks like the world likes it.

Buy momentum: AKA, buy the bad news, or buy value. If I am looking at a stock and it passes the tests above, consider buying on bad news. For example, the Lululemon fabric problem saw the stock go “on sale” for a few weeks, but it was a simple fix and stores didn’t go silent because of it. 

Dividends are good: Look at those as a gift and have them as part of the mix.",Big-Safe-2459,2025-07-21 12:01:47,0,17,https://www.reddit.com/r/investing/comments/1m57u2n/i_finally_wrote_down_my_investment_philosophy/
Apple,1m4dlx5,Just hit small goal. Where do I go from here?,"I am looking for advice as I try to take investing more seriously. My Robinhood just hit 1k and I have my first 1k saved in a HYSA but feel as though I can be more efficient moving forward. 

My portfolio is about 45% Crypto (BTC). 35% 
 ETFs (QQQM, SCHD, SPHD) The remainder of my portfolio are small shares in stocks like Apple, Microsoft, Netflix, and Pfizer. 

How can I best invest $2k in bulk? I usually invest $200 a month but have some money I want to invest smartly. My goal is invest as long as possible as l have time on my side being in my 20s. Should I put it all in my Robinhood and continue to spread amongst my ETFs and Stocks? Should I put some in my HYSA (3.6%)? Should I mainly focus on ETFs? Or add something else into my portfolio? I do not get paid much monthly but get some nicer checks here and there.

Any guidance is appreciated as this is the very beginning for what I hope to be financial freedom.
",httrfrom301,2025-07-20 11:19:06,6,26,https://www.reddit.com/r/investing/comments/1m4dlx5/just_hit_small_goal_where_do_i_go_from_here/
Apple,1m4cx4d,Which stocks (list inside) will you buy (and why) if the market dips significantly?,"How I came out with this list is due to a few reasons

1. MAG 7 + super big caps like Broadcom, Eli Lilly and Netflix
2. The rest are a few stocks inside Adam Khoo's portfolio. He calls those stocks his long-term keep. (Adam Khoo is a stocks investing teacher)

The list

1. Nvidia
2. Microsoft
3. Apple
4. Amazon
5. Alphabet
6. Meta
7. Broadcom
8. Telse
9. Eli Lilly
10. Visa
11. Netflix
12. Mastercard
13. Costco
14. Palantir
15. Salesforce
16. ServiceNow
17. Booking
18. Fortinet
19. Celsius",Savings_Enthusiasm60,2025-07-20 10:43:47,0,34,https://www.reddit.com/r/investing/comments/1m4cx4d/which_stocks_list_inside_will_you_buy_and_why_if/
Apple,1m39pgt,Thoughts on what I should do.,"I invested a chunk of money a while back and hadn’t added to it in a while. Marriage, two kids, etc. 
what should be my next move? I have some cash on hand to add, but I feel as though the gap of where my averages are and where the market is just doesn’t make sense to add right now. 

Averages:
 
Spy: $413.70
Google: 95.25
Amazon: $104.42
Apple: $146.08",THE-REAL-ALRAL,2025-07-19 03:14:54,7,11,https://www.reddit.com/r/investing/comments/1m39pgt/thoughts_on_what_i_should_do/
Apple,1m34vbn,17 year old starting to invest,"I’ve now convinced my dad to open me a vanguard custodial account,I’m 17 and make 2400-3000 a month working as a mechanic full time for the summer, during the school year it will probably be 1200-1800 I have 4500 just sitting in a high yield savings account right now but I want to start investing into a Roth, ETF’s, keep adding to my high yield savings, and possibly start investing into crypto and bigger stocks such as Apple, nivida, etc. I’m not sure how much I should be investing each month or what I should be focusing investing more into because I’m a kid, I have no monthly expenses like rent and want to know how much I should be putting in each month and how much I should just keep in my checking account. Also is it better to just keep spending money in a checking or have a debit card linked to my HYSA account and just take money from there.",No-Independence1966,2025-07-19 00:09:26,44,42,https://www.reddit.com/r/investing/comments/1m34vbn/17_year_old_starting_to_invest/
Apple,1m2by4h,TSMC just crushed Q2. Here’s why I’m still holding (and glad I bought the dip at $145),"I’ve had TSM in the portfolio for a while now (wrote a deep dive on it ages ago which still holds up). Earlier this year, when everyone freaked out over tariffs and the stock dipped to \~$145, I flagged it as a chance to load up. I bumped it to over 5% of the portfolio.

Fast forward to Q2 2025 earnings …yeah. No regrets.

The numbers slapped:

* Revenue: $31.67B, up 54% YoY 🤯
* Net income: $9.2B, up 60%
* EPS: $2.47 (beat by $0.16)
* Gross margin: 58.6% (up big from 54.1%)
* Full-year revenue growth now expected to hit 30% (up from 20% earlier)

The stock popped. And it should’ve.

What’s driving it? AI. Lots of it.

TSMC’s HPC segment now makes up 60% of total revenue. That’s up from 52% last year. Meanwhile, smartphones are just 27% of the pie now.

The 3nm node is 24% of wafer revenue already. That’s up from 15% last quarter. Nvidia, AMD, Apple, etc. are all over it. The 5nm node is still king (36%), but 3nm is catching up fast.

Revenue from the U.S. now makes up 75% of total sales. China? Just 9%. So much for “dependence on China.”

Earnings call had some juicy bits too:

Biggest Q&A themes were:

1. Can TSM actually keep up with all this AI demand?
2. When are AI customers moving to bleeding-edge nodes like 2nm and A16?

Management basically said: yes, fabs are ramping, we’re good. And yes, AI clients are *absolutely* moving to the newest stuff sooner due to power efficiency. These data centers eat electricity like crazy. CEO said the biggest constraint for AI players is power. A16 (coming 2026) is supposed to be 20% more efficient than 2nm, which already beats 3nm.

Also, about 30% of their future advanced node capacity will be in Arizona, not Taiwan. That’s a pretty clear signal they’re hedging geo risks.

Couple other things:

* Q3 rev guide: $31.8B to $33B.
* FX headwinds (strong NT$) hit margins a bit, but they still see 53%+ long-term gross margins.
* Capex for 2025: \~$40B.
* They called out tariffs and weak consumer markets as risks, but AI growth more than offsets that

If you  want more details on my TSM thesis, I wrote a full deep dive back in March (with way more context, valuation, risks, etc):

[https://www.beatingthetide.com/p/tsmc-stock-why-this-semiconductor](https://www.beatingthetide.com/p/tsmc-stock-why-this-semiconductor)",BeatingTheTide,2025-07-18 01:20:55,0,2,https://www.reddit.com/r/investing/comments/1m2by4h/tsmc_just_crushed_q2_heres_why_im_still_holding/
Apple,1m2977c,MP Materials + Apple = Good?!,"1. MP MATERIALS stock up 20% after $500 million Apple deal for rare earth magnets.
2. Apple and MP Materials join forces to develop a rare earth magnets recycling facility.
3. The agreement is part of Apple's $500 billion pledge to onshore production.

**MP MATERIALS**  + PENTAGON+ JP MORGAN+ GOLDMAN SACHS
1. The Pentagon's landmark deal with MP MATERIALS guarantees magnet prices and gives the U.S. government a direct equity stake.
2. Under the agreement, the Pentagon will take a 15% equity stake in MP MATERIALS through a $400 million dollar share issuance.
3. JP Morgan and Goldman Sachs are syndicating $1 Billion in private financing to bring MP MATERIALS ""10X Facility"" online.
4. Construction is already underway.
",loedown73,2025-07-17 23:35:37,0,2,https://www.reddit.com/r/investing/comments/1m2977c/mp_materials_apple_good/
Apple,1m117vv,Seeking portfolio optimization advice rolled over Ira,"
Hello,
I recently rolled over approximately $15,000 from my previous employer's 401(k) into a Fidelity IRA. My goal is to build a strong, long-term growth portfolio by evenly investing in stocks, with ongoing monthly contributions.
Here's my initial allocation breakdown for the $15,000:
 * Technology/Growth:
   * Microsoft (MSFT): $2000
   * Apple (AAPL): $2000
   * NVIDIA (NVDA): $1,500
   * Amazon (AMZN): $1,000
   * Palantir (PLTR): $1,000
   * Snowflake (SNOW): $1,000
   * Super Micro Computer (SMCI): $1,000
 * ETFs (Tech-Focused):
   * Invesco QQQ Trust (QQQ): $1,500
   * VanEck Semiconductor ETF (SMH): $1,500
 * Consumer/Healthcare/Staples:
   * Visa (V): $750
   * Costco Wholesale (COST): $750
   * Procter & Gamble (PG): $1,000
   * Johnson & Johnson (JNJ): $1,000

My Objectives:
 * Long-term capital appreciation.
 * Diversification across promising sectors/companies.
 * Consistency with monthly contributions.
Questions for the Community:
 * Given my initial selections and goals, do you have any suggestions for optimizing this portfolio?
 * Are there any particular stocks you would add, remove, or adjust the weighting of?
 * Are there any sectors or types of companies I might be overlooking for a ""strong portfolio""?
Any insights or recommendations would be greatly appreciated as I look to build a robust investment foundation.
Thank you!
 ",idontcarelolmsma,2025-07-16 11:37:15,4,11,https://www.reddit.com/r/investing/comments/1m117vv/seeking_portfolio_optimization_advice_rolled_over/
Apple,1lvnya7,NVIDIA tops $4 trillion market cap,"The NVIDIA company has topped $4 trillion dollars in its market cap. This puts the company ahead of early rises such as Apple and Microsoft and makes it the first company to reach the four trillion dollar milestone.

Earlier this year NVIDIA took a dive as people questioned its value in the AI market, especially with DeepSeek promoting AI models on less expensive hardware. Now it's back up and at record highs, both for the market and the company.

Do you think we'll see NVIDIA climb higher, or is the shine starting to wear off the AI bubble?",daemonpenguin,2025-07-10 01:56:20,156,41,https://www.reddit.com/r/investing/comments/1lvnya7/nvidia_tops_4_trillion_market_cap/
Apple,1luwl46,Problem with small/medium cap funds,"Many recommend diversifying into small and medium cap etfs. 

But I have a huge problem with it. One a small company gets ultra successful they no longer qualify being a small cap. This the success stories are sold. 

Imagine if the biggest success stories in the S&P500 was removed when it got too big. Say anything over $100 billion. If that happened Apple, Facebook, Nivida and many others would have been forced out. Your returns would be way less.

I can’t wrap my mind around taking a relatively bigger risk in investing in smaller caps and then when they actually get successful you are forced to sell and you don’t get the full reward",Shoddy_Ad7511,2025-07-09 03:39:49,0,28,https://www.reddit.com/r/investing/comments/1luwl46/problem_with_smallmedium_cap_funds/
Apple,1lttltx,Interpreting returns data,"I could use help interpreting investment return data on the Apple Stock app.  For example, looking  at  two Vanguard funds Primecap Admiral (VPMAX) and 500 Index (VFIAX), the returns are as follows:

YTD, 1YR, 2YR, 5YR, 10YR

VPMAX: 8.83, -.83, 18.50, 29.12, 67.49

VFIAX: 7.02, 12.82, 41.26, 97.09, 202

Does this mean at the end of most recent 10 years, VPMAX has a 67.49% return and VFIAX has a 202% return?  I would think so, but a recent quote has given me pause.

Kiplinger recently had an article which reported: ""PRIMECAP's team has done a commendable job, beating Vanguard 500 Index Fund Admiral Shares ([VFIAX](https://finance.yahoo.com/quote/VFIAX/)) by about 20 basis points on average over the trailing 15-year period … though it has come up a percentage point or two short over shorter-term time periods.""  This makes it sound like the returns should be closer than what I  see on the Apple Stock app.  

Can someone shed light on how to interpret the return data on Apple stock app and why it seems so different from the above quote?   ",Treehouse72,2025-07-07 22:02:46,2,8,https://www.reddit.com/r/investing/comments/1lttltx/interpreting_returns_data/
Apple,1lt096u,Rate my selection on my potential investment. Sold house and got cash left over,"Can I get a good evaluation for these 5 choices for 10 to 20 year play

60k apple
30k nvida 
30k lam ( semiconductor) 
30k pltr
30k tsmc 

Kinda questionable on tsmc 
Any advice would be acceptable and appreciated
 No mortgage ( house paid in cash from sell of California property ) 
I have a 50k emergency fund in hysa and make 60k annually with
Roth maxed out with qqq 7k currently invested
And 401k is with waste management In house plan.(  i work for them)
",Quiet_Water_9409,2025-07-06 21:40:02,3,12,https://www.reddit.com/r/investing/comments/1lt096u/rate_my_selection_on_my_potential_investment_sold/
Apple,1lszcev,Sell it all for real estate?,"Asking for opinions!

I have around 1.1M in stock, with around 800K in long term gains. This is 90% Palantir, Microsoft and Apple. The rest is tech mid caps.

Looking at projected risk of increasing inflation, I’m considering selling it to buy another under construction property that I like worth about 0.9M (I need to make a decision on that today or tomorrow). My rough estimate for capital gains taxes is around 240K, so I’ll pull out the extra cash needed from some other accounts (like a HELOC) on my current home.

If this goes through I’ll probably sell my current home in a 3-4 months and net around 400K in equity after paying off the HELOC and primary mortgage. Then I can start buying back some of the positions in blue chips.

My goal is to have a paid off house…


EDIT - adding context:

I’m nearly 60, one of those dinosaurs who knows how things work in the hardware tech world… I’m now taking up a new position doing something that I love, however at a lower pay.

Why the new house and why pay it off? For several decades, I’ve lived within a few miles away from wherever I worked. This new house is very close to my new position. Absolutely NOT a fan of long commutes.

My retirement is projected to grow to 2M+ by the time I retire (aggressive growth and income mix). My cars are all paid off.

My thinking is that the 400K from my current house sale should generate 40-50K in growth ETFs such as JEPQ and equivalents. I’ll let it compound until I feel like I’m done with working or if there’s a layoff. 






",shantired,2025-07-06 20:50:06,0,7,https://www.reddit.com/r/investing/comments/1lszcev/sell_it_all_for_real_estate/
Apple,1lrvdho,Suggest me a books to learn analysing stocks that are revenant to current times,"Hello, I am trying to learn how to analyze companies and pick stocks. So far I read 1-2 books that are easy to read and understand for me. There are many famous books that are treated as  bible for stock market investing - like intelligent investor, one up on Wall Street, common stocks uncommon profits etc. I am not trying to learn trading. 

I attempted to read ""intelligent investor"" but it was too difficult for me comprehend and it is huge book. I am thinking of reading  ""common stocks uncommon profits"" next. 

Since this book was written decades ago - is it a good use of time if my goal is to learn to select stocks to buy ?

At the time these books were written several of the current big companies were in their early stages. I do not think it is possible to find another apple or Walmart now because most likely they will get acquired by the big ones, there is almost a monopoly in some sectors, some companies like google, amazon are in multiple sectors.  

Could someone suggest me a book that more relevant to current times that explains what different terms mean, how to use them to pick stocks, how to evaluate companies etc and something less dense that ""intelligent investor"" and more than ""what is a stock"". 

  
Thank you very much for your time. 



",Careless-Pilot-5084,2025-07-05 07:40:38,3,18,https://www.reddit.com/r/investing/comments/1lrvdho/suggest_me_a_books_to_learn_analysing_stocks_that/
Apple,1lptsmr,Thoughts on my portfolio at 18?,"Hey, I'm 18 and i live in RO {Europe). I get around 200-300 EUR per month from scholarships and allowances. i would be willing to invest around 60 EUR per month, maybe 80 or 90 EUR if i catch on well.

I don't have a clear objective (house/car etc.) but i'd like to basically maximise this money in a year with a risk tolerance of losing maximum 50% of the investment. After this year i will end college and i will probably get a job allong with uni.

I don't have anything invested yet. I tried investing 50 USD in some stocks (MEG, NVDA, BAC, CRM) in february, but then sold them in under a month with a 10USD loss because i had a low risk tolerance. I have also invested 52USD in BTC but sold it too with only 1 USD difference.
I have no debts and no utilities to pay except gym membership and some meals.

Do you guys have any recommendations for me? i just opened an account on trading212 and I made a portfolio that consists of:
17% Microsoft
15% Apple
15% Tesla
10% Amazon
10% Shell 
9% Mastercard
8% Cloudflare
8% Nvidia
8% Roblox",FearlessWorker6498,2025-07-02 20:50:30,0,12,https://www.reddit.com/r/investing/comments/1lptsmr/thoughts_on_my_portfolio_at_18/
Apple,1lnvsvg,Digital Services tax. What is the rationale?,"Please don’t make this political. Many popular stocks could be hit hard by this tax. Google, Facebook, Apple, Microsoft and others. This is a new tax in Canada. 

What is the rationale of charging these companies a 3% tax on gross revenue? I understand a tax on profits. But a tax on gross revenues doesn’t make much sense. Unless this is simply an additional sales tax on all Canadian individuals and companies.

Is this because Google doesn’t claim any profits in Canada? If that is true can’t Canada just change their corporate tax laws so Google does have to pay taxes on profits? 

This digital services tax seems to be treating the symptom (Google not paying enough taxes) instead of the disease (Google not claiming enough profits in Canada).

Would not this law hurt companies that actually don’t understate profits? ",Shoddy_Ad7511,2025-06-30 10:59:49,0,28,https://www.reddit.com/r/investing/comments/1lnvsvg/digital_services_tax_what_is_the_rationale/
Apple,1ljdjmz,"Investing for 15+ years, whats your recommended strategy?","Hello, I manage to invest 600-800€ per month living in Germany and this is my current pie. Would you recommend adjusting it or maybe making it completely different? Thanks for your opinions.

Vanguard S&P 500 (Acc) - 15%  
Apple - 13%  
Nvidia - 12%  
Microsoft - 9%  
Alphabet (Class A) - 9%  
iShares NASDAQ 100 (Acc) - 9%  
Amazon - 7%  
Broadcom - 7%  
Rolls-Royce - 7%  
Meta Platforms - 6%  
Unilever - 6%",nxstymatt,2025-06-25 00:06:21,3,34,https://www.reddit.com/r/investing/comments/1ljdjmz/investing_for_15_years_whats_your_recommended/
Apple,1lhul3c,Advice about ethical investing?,"
So, for context, I’m from Spain and almost 30. I started investing around two years ago, when I didn’t really know how it worked. My biggest investment was my current house, which I bought for around 200,000€, and I’ve also put some money into the stock market sporadically (around 3,000€ total), investing in the classics like Amazon, Apple, Microsoft, Nvidia, and Coca-Cola, by buying individual stocks through Revolut, not funds or ETFs. 

I never invested in Tesla, Netflix, and some other companies because they go against my values (Elon Musk, subscription services, gas or arms companies, etc.). But over time, I’ve realized that many of the companies I have invested in don’t align with my morals either, especially after some of them publicly supported Trump (Meta, Amazon, etc.) or Israel (Carrefour, McDonald’s, and many more).

Now I’m dealing with an internal conflict. I want to make money, but not by supporting unethical companies. I’ve noticed that a lot of funds and ETFs also include these companies in different proportions, and the ones that don’t often don’t perform well. So it’s hard to find ways to invest that feel both profitable and principled.

I guess my questions are: how do you align your values with your investments? Do you think there’s a middle ground, and if so, how do you find it? Do you have any recommendations for specific companies, funds, or ETFs that are both ethical and profitable? Or would it make more sense to put the money into a high-yield savings account, crypto, gold, or something else?

All feedback is welcome.
",cheesebandita,2025-06-23 03:14:37,0,19,https://www.reddit.com/r/investing/comments/1lhul3c/advice_about_ethical_investing/
Apple,1lfdnu4,Thoughts on investment strategy,"Hi everyone, 

I'm 39/m, living in Europe, with inherited US dollars in a Schwab international account, so I cannot invest in mutual funds or ETFs, only individual stocks and bonds. Initially I bought multiple US treasuries with various maturity dates from 2025-2032, just to avoid having to think about it. Then, about a year ago, I started investing 750$/month in 15 individual stocks via Schwab's ""stock slices"" service (so 50$ per stock per month), thus slowly increasing the stocks percentage as bonds start maturing and freeing cash. Since I can't just buy a S&P500-ETF, my idea was to represent it with these 15 stocks, focusing mostly on growth/tech, with a few defensive dividend positions as well, and avoiding big finance, fossile energy and defense industry (just personal preference). I'd be curious to hear what people think of my picks: 

Apple / Microsoft / Nvidia / Broadcom / Adobe / PaloAlto Networks / ServiceNow / Merck / Abbvie / Vertex Pharmaceuticals / Procter&Gamble / NextEra Energy / MainStreet Capital / Realty Income REIT / WasteManagement 

I realize scientifically speaking ""time in the market beats timing the market"", but I just feel more comfortable psychologically with the approach of slowly building the stock portion, as opposed to just buying lump sums of all these stocks at one random moment. 

Any thoughts or improvement ideas would be appreciated! ",ciprianoderore,2025-06-20 00:27:57,4,11,https://www.reddit.com/r/investing/comments/1lfdnu4/thoughts_on_investment_strategy/
Apple,1lex62f,Buying Apple on It’s Decline Versus Minimal NVDA buys,"I regularly DCA by virtue of not having thousands to invest at a time (shocker), and have keep buying Apple on its way down. I also have NVDA which I’ve barely bought since its come up so much. Currently around -9% on Apple and in the +20’s% on NVDA. 

Is anyone else doing the same or similar? I’m still not yet 30 fwiw so my timeframes are pretty long. ",Marshall_Hoodie,2025-06-19 09:28:39,71,54,https://www.reddit.com/r/investing/comments/1lex62f/buying_apple_on_its_decline_versus_minimal_nvda/
Apple,1ladgw1,S&P 500 premium is mostly warranted says BofA,"Bank of America analysts argued in a note Friday that the S&P 500’s valuation premium is “mostly warranted,” despite the index appearing expensive by traditional measures.

“The S&P 500 now trades at 21x forward earnings, 35% above average,” BofA wrote, adding that it “looks statistically expensive relative to its own history on all 20 of the valuation metrics we track.”

However, the analysts say comparisons to historical averages may be misleading.

“Today’s S&P is apples vs. prior decades’ oranges,” they said, noting a shift in sector composition.

“Nearly 70% of the index was asset-intensive Manufacturing sectors in 1980 vs. <20% today.”

They argue the index “has become higher quality, with lower leverage, lower earnings volatility, and higher margins.”

BofA also defended the U.S. market’s premium over global peers. “The US trades as the most expensive region (\~40% premium vs. Europe/Asia which trade at 16x),” they noted, but emphasized that “quality, balance sheets, growth potential and risk are statistically superior.”

They pointed to the U.S. being “half as levered as other regions” and praised “significantly lower estimate dispersion on 2025/2026 forecasts.”

Additionally, the U.S. offers “roughly double the long-term growth potential of Asia and Europe, with lower earnings volatility than Europe, plus higher free cash flow per share and a lower percentage of non-earners vs. both Asia and Europe,” says the bank.

BofA also cited structural advantages including “labor fungibility, USD as reserve currency, energy independence, unparalleled liquidity and Tech primacy (at least for now).”

GOOGL, MSFT, NEE, META, BGM, and FCX may benefit from the S&P 500’s sector shift toward higher-quality, capital-light companies, especially in tech, renewables, and metals.

For near-term positioning, BofA’s tactical model prefers U.S. “Communication Services, Utilities and Tech,” and highlights “Interactive Media & Services, Metals & Mining and Independent Power & Renewable Electricity Producers” as top industry opportunities.",Less_Dependent416,2025-06-13 20:25:40,145,88,https://www.reddit.com/r/investing/comments/1ladgw1/sp_500_premium_is_mostly_warranted_says_bofa/
Apple,1l88exz,Sell and put into IRA? Yes or no?,"Hello everyone, I'm looking for some advice and hope you can help! :)

I'm 23 and I currently have around 10K in various stocks, mostly concentrated in the S&P 500 (about 2.3K), Apple (2K) and Berkshire Hathaway (1.8K). 

Every week, I put $15 into the S&P 500 and another $10 in Berkshire Hathaway. They are my only regularly scheduled investments but occasionally I will buy other things (I bought $500 in Costco this year for example). I started investing maybe 4 years ago and I'm up a little over 50% all time.

My question is this: I'd like to have money put away in an IRA as it seems sensible to do. I've started offloading my smaller single stocks, and putting that money back in the S&P. 

Is there a way to transfer my stock into an IRA without selling? If not, would it be a good idea to sell and then start in an IRA? Thank you for your patience.",yjedens,2025-06-11 04:48:19,13,19,https://www.reddit.com/r/investing/comments/1l88exz/sell_and_put_into_ira_yes_or_no/
Apple,1l6w224,What would you pay for Berkshire Hathaway? Here’s how I think about it.,"Someone asked me recently, *“What would you pay for Berkshire Hathaway?”* Thought I’d open it up here because I think it’s a pretty relevant question right now.

Berkshire’s not a typical company. It’s part operating business, part investment portfolio. You’re getting businesses like Geico and BNSF, but also huge public holdings in Apple, Coca-Cola, AmEx, and more. Plus a massive cash position, well over $100 billion.

So how do you value that?

First, I look at **book value**. Historically, Berkshire trades around 1.3 to 1.5 times book. But with interest rates rising and market multiples normalizing, that should compress.

Warren Buffett himself has said he would buy back shares at **1.2 times book value or below** if he believes the stock is trading below intrinsic value. That is a pretty strong signal, and it gives us a decent benchmark.

Second, I look at **earnings power**. Between its operating businesses and its investment portfolio, Berkshire is still a cash machine. But it is no longer a 20 percent compounding machine like it was in its early days. The law of large numbers applies here.

If I had to name a number today, I would start getting interested around that 1.2x book value range. Maybe lower depending on how the macro looks. Anything much higher and I do not see the margin of safety.

Would love to hear how others are approaching Berkshire. Are you a buyer here, or are you waiting for a pullback? How do you factor in the Apple position or Buffett’s eventual departure?",PaulEverythingMoney,2025-06-09 13:43:52,0,38,https://www.reddit.com/r/investing/comments/1l6w224/what_would_you_pay_for_berkshire_hathaway_heres/
Apple,1l0p750,What stocks to invest in long term?,"Hey y'all!

So I'm 21 and have some money saved up that I want to put into the stock market. (Around 5-10k for now)

Due to me being a US citizen living in Europe I am only able to invest in individual stocks unfortunately.

I am currently looking at getting some berkshire hathaway which I think is still a good long term pick. I was also thinking of getting some apple since the stock is down nearly 27% this year and I think it's still a good long term hold despite their current circumstance (I know berkshire hathaway also holds a good amount of apple stock though so something to keep in mind).

Any other suggestions? I would really appreciate any advice! :D",Adamanos,2025-06-01 22:39:16,0,32,https://www.reddit.com/r/investing/comments/1l0p750/what_stocks_to_invest_in_long_term/
Apple,1kzqu0m,📈 X-ray of the May-25 Rally of the S&P 500: +6.2% to All-Time Highs—Healthy Rise or Technological Mirage?,"The S&P 500 gained +6.2 % in May—its best May since 1990—closing at 5,911.69 pts.

Driven by: US-China tariff truce, cooling inflation (PCE 2.1 %), expectations of Fed cuts, and a mega-tech rebound.

Still very concentrated: the Magnificent 7 account for ≈40 % of the return.

Forward P/E ~22× (10-yr avg ≈18×). Little room for error if macro or earnings disappoint.

Risks: tariff fight could reignite, hot jobs/CPI data may delay the Fed, weak market breadth (<55 % above 50-day SMA).

Levels to watch: 5,970-6,000 (resistance), 5,760 (50-day SMA), 5,550 (key support).

Healthy or Concentrated?

Super-concentration: Mag-7 weighting >30 %. Nvidia/Apple pullbacks = volatility spikes.

Green shoots: Flows into industrials, staples, banks—still faint.

Rich valuation: Forward P/E 22× vs 18× average.
",ObjectiveTreacle4548,2025-05-31 15:56:18,14,1,https://www.reddit.com/r/investing/comments/1kzqu0m/xray_of_the_may25_rally_of_the_sp_500_62_to/
Apple,1kyrwm6,"Sold Hood and started positions in Apple, Google, NVDA today","Recently I sold all my Hood shares (I got 4300 shares). Got some cash ready and didn't want to miss any market rallies, so I used 1/3 of my available funds to start:

300 shares NVDA (about $41k)
150 shares Google ($26k)
60 shares Apple ($12$)

What do you think? I heard lots of good things about VEO 3 and Google is one of the leaders in quantum computing. Apple is always a strong company. They will have smart glasses & foldable phones next year maybe. Then NVDA with a great ER beat but stock got hold down due to tariff news. These 3's average price targets have about 15-25% upside. I'll be happy if they give me 15-20% return by year's end. ",coopermug,2025-05-30 10:27:26,0,6,https://www.reddit.com/r/investing/comments/1kyrwm6/sold_hood_and_started_positions_in_apple_google/
Apple,1kym4ye,Never been this worried about my Apple holding,"I've a very significant holding in Apple, and this grew over the last 15 years. But, this is the first time I'm really starting to worry about them. Was there ever a period in the past where this company had nothing to look for in terms of products? Yes, Apple Car didn't materialize, Vision Pro didn't pan out well either. I don't see anything enthusiastic coming out of Apple in the next few years, other than slimmer iPhones, and such incremental updates. 

Anyone else feeling that they are losing the plot here?",Life-is-beautiful-,2025-05-30 06:02:49,295,258,https://www.reddit.com/r/investing/comments/1kym4ye/never_been_this_worried_about_my_apple_holding/
Apple,1ktkwhh,Trump calls for 50% tariff on European Union starting June 1,"Once again with this bullshit. Hope you have your puts in.

> President Donald Trump on Friday said he is “recommending a straight 50% Tariff on the European Union” after complaining that trade negotiations have stalled.
> 
> The steep new import duties would start on June 1, Trump wrote on Truth Social.
> 
> The EU “has been very difficult to deal with,” Trump wrote of the 27-nation bloc. “Our discussions with them are going nowhere!”
> 
> Trump’s announcement came less than 30 minutes after he threatened to impose a tariff of at least 25% on Apple’s iPhones if the company did not start manufacturing them in the United States.
> 
> U.S. stock futures sank immediately following the posts, which showed the Republican president once again wielding the threat of massive import taxes in response to economic activity he disfavors.
> 
> European stock markets fell 2%.
> 
> It’s a reversal in momentum for Trump, who recently touted preliminary trade “deals” with China and the United Kingdom and has backed off other tariff proposals. Markets were encouraged by those moves, as investors felt relief from the economic uncertainty and instability Trump’s tariffs had threatened to create.
> 
> But Trump “believes that the EU proposals have not been of the same quality that we’ve seen from our other important trading partners,” U.S. Treasury Secretary Scott Bessent said in a Fox News interview Friday morning.
> 
> Asked if the EU will be able to negotiate in the nine days before the 50% tariffs kick in, Bessent said, “I would hope that this would light a fire under the EU.”
> 
> Trump’s posts tee up a potentially tense exchange between U.S. Trade Representative Jamieson Greer and his European counterpart later Friday. Greer is expected to tell European Trade Commissioner Maros Sefcovic in a meeting that Brussels’ latest move in ongoing trade talks fails to meet U.S. expectations, the FT reported.
> 
> The EU was the second-largest purchaser of U.S. exports in 2022, taking in nearly $351 billion of American goods, according to the Office of the U.S. Trade Representative.
> 
> The EU’s main executive body, the European Commission, declined CNBC’s request for comment on Trump’s new tariff threat.
> 
> Trump has long accused Europe of taking unfair advantage of the U.S. through trade. He announced a blanket 20% tariff on the EU on April 2 as part of his “reciprocal” tariff plan, though he quickly revised that duty down to 10% for 90 days.
> 
> Europe is also dealing with Trump’s sector-specific tariffs, including a 25% levy on all steel and aluminum imports.
> 
> “To go to 10% was going to be the highest tariff rate that we had on the world in 90 years. To go to 50% is a completely different order of magnitude,” Chicago Fed President Austan Goolsbee said Friday morning on CNBC’s “Squawk Box.”
> 
> “If they’re putting in place tariffs that have a stagflationary impact, which is to say they slowed down output by raising the cost of production while also raising prices, then that’s the Central Bank’s worst situation,” Goolsbee said.

https://www.cnbc.com/2025/05/23/trump-recommends-50percent-tariff-on-european-union-starting-june-1.html",omgpuppiesarecute,2025-05-23 23:25:45,496,132,https://www.reddit.com/r/investing/comments/1ktkwhh/trump_calls_for_50_tariff_on_european_union/
Apple,1kthr3k,Impact of AI on US Tech and Investment,"Hello, I'm 30M from France and have consistently been investing in S&P 500 and Nasdaq 100 over the past 3 years, mostly via ETFs. I was quite confident in this strategy since in my opinion the US tech is very far ahead and it's very likely it's going to keep on reshaping our world, grow in all sectors/verticals. 

However a few days ago I had another thought: new fresh AI based companies are clearly gaining market share over well-established players including GAFAMs. For instance we see OpenAI ChatGPT taking market share from Google on search and soon IO x OpenAI could be stepping on Apple's toes. IA is making it easier for small agile teams to build amazing products that compete with legacy tech. 

So basically my reflexion is What if today's tech leaders had too much inertia to really embrace AI and were being eaten up by  those disruptive AI-based startups? What would be the impact on our passive investment strategy? Are they going to replace the current tech leaders in the the well-known index? What are your thoughts on that?

Axel",random_pulsar,2025-05-23 21:00:37,4,16,https://www.reddit.com/r/investing/comments/1kthr3k/impact_of_ai_on_us_tech_and_investment/
Apple,1ksytv8,GENIUS stablecoin and potential push for tokenization,"/\* posted in /stocks but was removed due to off-topic...

It is entertaining to read X recently. We have a lot of users calling for Fed to cut interest rates, in hope that the rate cut will push economic growth and reduce treasury yield. We have a lot of users calling for Fed to increase interest rate, so it makes USD more appealing and reduces treasury yield. Regardless, treasury yield keeps going up. The same story of basis trade and carry trade is playing again today.

It is debatable whether we want a stronger dollar or a weak dollar, but reducing treasury yield seems to be the common goal. How could we easily create more demands for U.S. treasury bonds, when both sides of the aisle embraces the deficit expansion to the core? Well, we can force people into buying treasury bonds, we can wage a war to scare people, or we can create some phantom demands. This is where the GENIUS act may come handy.

The grand scheme is to bring assets on-chain, which requires the players to escrow real-world-assets (RWAs) and issue tokens backed with it. Geez, this sounds like mortgage backed securities and ETF already. To trade those assets, we need currencies, mostly the stablecoins. The GENIUS Act requires holding of USD or treasury bonds, which the issuers will gladly support. Let us imagine that we move NYSE and NASDAQ on-chain and create a copy of all stocks, we suddenly create demand for USD, treasury, and stocks from some users that can't access the U.S. market. Even our dear general Kim can tornado his stash and buy Apple at that time.

Wait! This already happened! Kraken tokenized AAPL, NVDA and TSLA today. Many other crypto firms have worked on RWA for years, including stocks, game skins, etc. GAINS even created a 100x leveraged stock trading platform until they halted it due to heavy admin burden to monitor stock earning, dividends, splits, acquisitions, etc.

So we are likely to see a concerted effort to push assets on-chain in the coming months or years, which will benefit stocks like COIN, HOOD, XYZ, PYPL, and other players, and cryptos such as LINK. Electronic stablecoin payments for daily life is another direction, and I wonder how that will affect V and MA. The damage to both may take years though.

Too bad I didn't scoop HOOD at low, but I bought all above anyway.",Moirailogist,2025-05-23 03:58:33,0,1,https://www.reddit.com/r/investing/comments/1ksytv8/genius_stablecoin_and_potential_push_for/
Apple,1krmdgk,"Best bargain today: Amazon, Alphabet, or Apple?","Looking at these three for the long-term, what do you like best?

Amazon at 33 is one of its lowest P/E levels ever, and even if tariffs slow spending, they're the lowest cost option for most people shopping online.

Alphabet's search downfall feels overhyped in a year of nerves.  They've got lots of other businesses, Gemini could be great for them, they're well managed.  P/E, 18.

Apple has seen a similar price dip, but.... At 32 its P/E is nowhere near cheap historically.  I don't know what I think about it.

Leaning Alphabet to start buying, interested in Amazon, leaning away from Apple. Appreciate your thoughts.

",jibboo2,2025-05-21 10:55:36,189,150,https://www.reddit.com/r/investing/comments/1krmdgk/best_bargain_today_amazon_alphabet_or_apple/
Apple,1krat8u,Anyone else making these robotics bets?,"In 2000 it was the internet, in the late 2000s we had the online shopping phase, 2010s FAANG stocks grew fast relative to the market, and in the past few years we have seen an AI boom, and a more recent quantum computing and space interest. I predict the next trend will be robotics. It is highly linked to AI, but hasn't seen any attention. As AI grows, robots will be implemented more into our daily lives, a process which will require robotics & robotic parts. Furthermore, these sectors can also have military applications, which will increase the eventual demand, and provides potential for further growth.

Here are my speculative robotics stock picks, which have upside potential if the industry takes off. I included two volatile penny stocks and two stabler bets. I also included parts to show how much of each I would recommend in proportion to a total robotics portfolio, I will probably just invest $1000-$2000, with the specified allocations (maybe heavier on draganfly because I believe their company has a lot of upside potential and I have a high risk tolerance):

Draganfly inc (2 parts): Canadian based, which means that if retaliatory tariffs are implemented they could still trade worldwide. They create drones & other software, for a variety of purposes: agriculture, military, energy, and public 'safety' (potentially surveillance). I predict robotics adoption in all these fields, which would bring success of the company. They have a decent board of directors, rated a strong buy by two analysts, and a low sh0rt interest, which hints a likely upside, and reduces potential of the company being driven to the ground that way. (Ticker: DPRO | $1.77 USD | 18.76M market cap.)

Irobot corp (1 part): US based, make primarily robot vacuum cleaners. They have great revenue (about 6x market cap), so if they could manage a profit their share would do incredibly well. Their share is near 52 week lows. If they diversify into other robotics sectors, they could grow tremendously. I would place a conservative bet into this company, as them diversifying into other sectors would be a big if. (Ticker: IRBT | $2.79 USD | 86.78M market cap)

Teradyne INC (3 parts): They make robots for various industries, including military and industrial. Tech could be used for civilian applications. (Ticker: TER | $81.27 USD | 13.04B market cap)

Rockwell automation (4 parts): They have 27 000 employees, and are already a large player in the robotics industry, yet they still have lots of room to grow. Established, profitable company with P/E ratio comparable to apple, and a dividend of about 1 percent. The reason NVIDIA stock grew is largely their AI hardware, and Rockwell does a lot of robotics hardware. (Ticker: ROK | $307.85 USD | $34.70B market cap)",ZaneFreemanreddit,2025-05-21 02:29:37,7,81,https://www.reddit.com/r/investing/comments/1krat8u/anyone_else_making_these_robotics_bets/
Apple,1kor3a1,Sell Apple stock in favor of Uber?,"I've owned Apple stock for at least 8 years and it's done pretty well. Given that Apple is increasingly feeling more and more like a value company I've been wanting to sell it for something else and have recently been eyeing Uber. The P/E ratio for Uber is great and the idea of self driving cars, even if not for another 5 years, is basically inevitable. What are your thoughts?",HelloYo335,2025-05-17 20:49:05,0,17,https://www.reddit.com/r/investing/comments/1kor3a1/sell_apple_stock_in_favor_of_uber/
Apple,1kmlqwi,Thoughts on BRK-B? Get more?,"So what do you think of this? Why it's not so popular? I believe in Warren and it seems it did better the S&P00. 
It dropped recently, purchasing more is a good idea?

I have BRK, QQQM, SPLG and APPle for long term. Any other good suggestions are welcome",StatisticianLanky485,2025-05-15 02:53:18,4,40,https://www.reddit.com/r/investing/comments/1kmlqwi/thoughts_on_brkb_get_more/
Apple,1kmgbrr,Is Apple Stock Not Worth it Anymore?!!!,"Their vision pro goggles were a big waste of money and they were doing R&D for an EV for 10 years which ended up failing. It looks like their strongest assets are still their phones. I don't think they are innovating enough and its possible they could be the next IBM. MOST notably, they got rear ended by the recent AI boom and haven't been able to catchup. Microsoft, Google, and many other tech giants are innovating towards AI at an alarmingly fast rate, except Apple. Is this stock still worth it, or is it the next IBM?",sercetuser,2025-05-14 23:17:53,0,41,https://www.reddit.com/r/investing/comments/1kmgbrr/is_apple_stock_not_worth_it_anymore/
Apple,1kkcpog,Is BroadCom a Solid Company to Add to the Roth??,"Most of my roth are reliable ETFs like VOO but I have like a small portion that goes to growth stocks that are solid and will increase my returns while im still young. These are low risk companies that I know will make me money in the next 30+ years like Amazon, Google, Apple, etc. I dont know too much about Broadcom but they seem to be pretty huge in the semiconductor industry. Is this another company that will reliably provide good returns in the next 30+ years like the faang companies? ",Fearless-Cellist-245,2025-05-12 07:06:16,0,14,https://www.reddit.com/r/investing/comments/1kkcpog/is_broadcom_a_solid_company_to_add_to_the_roth/
Apple,1kjjd0h,"Is investing in stocks already heavily favored by ETFs smart? Furthermore, is 100% stock portfolios worth the risk?","I left a comment elsewhere which after posting it made me curious about making it a post. Forgive me if I spell something incorrectly, English is not my first language.

https://papers.ssrn.com/sol3/papers.cfm?abstract_id=4590406

So I read this paper about 100% Stock portfolios after watching a YouTube video on it (multiple out there).

And I wondered how I’d go about choosing the stocks I’d invest in. I did so because just last year I didn’t touch stocks but when I went on my app on my iPhone (Stocks) and saw how much I could have made had I just invested in stocks that were already a big presence in almost all of my ETFs the. I’d have more value to my name.

To look at it I viewed an era that had large fluctuations in which I invested in which lead me to 2019 to 2024 because in-between that we had the fed-induced boom and the crash that came before that along with other crazy fluctuations.

So for my example I used march 2019 to March 2024 (which had steep decreases and increases):

1.MSFT: 250.92% 
2.Apple: 248%
3.Meta: 176.44%
4.Googl: 149%
5.Amazon: 96.46%

1.QQQ: 140.45%
2.VTI: 84.34%
3.VOO: 81.39%
4.VT: 54.38%

Here is the Summary of percentages those sticks hold for each ETF:

1. QQQ: ~41.3%
2. VOO: ~22.2%
3. VTI: ~13.0%
4. VT: ~6.1%


It’s not like investing in Meta, Apple, Google, and Amazon is unheard of, they already make a huge part of all ETFs you come across that measure commonly used domestic indexes. So… is this the way? I truly want your critique on this because if it works it works and if not then it doesn’t, it’s not about proving I’m right it’s about maximizing my understanding of investing. 



Edit: I think people misunderstood and I didn’t articulate it well either. IM NOT PREACHING FOR 100% stocks but I want your opinions on it! I want to see if maybe it IS the way. I want to grow my knowledge on the topic.

For transparency I’m (23 M) currently at 51k
60% ETFs / 40% Stocks.",69philosopher,2025-05-11 05:19:59,18,85,https://www.reddit.com/r/investing/comments/1kjjd0h/is_investing_in_stocks_already_heavily_favored_by/
Apple,1kiowey,Too many ETFs? (26 years old),"Hello everyone,

In my Vanguard taxable brokerage account, I have a mixture of ETFs and long-term stocks, like Amazon and Apple. Lately, I’ve started buying more ETFs than individual stocks. However, after further research, I’m concerned that I might have too much diversification with the ETFs now. What do you think? Here are my current shares:

1 EPS
1 IWY
1 PPA
1 QQQ
1 QQQM
2 SHLD
2 SPLG
1 SPY
3 VOO
1 VTI
1 XAR

I don’t want to sell too much and end up with heavy tax penalties next year. For reference, I also have a Roth IRA with a VTI and VXUS mixture. Any advice would be greatly appreciated!",cinemaquest1,2025-05-10 02:57:21,15,24,https://www.reddit.com/r/investing/comments/1kiowey/too_many_etfs_26_years_old/
Apple,1kiahs6,Have some $ but novice investor - VOO/VTI or Individual Stocks,"As title states, new to all of this, and have $5-10k I want to invest. Of course, will keep adding to this monthly but this is what I’m starting with. Would it be smart to do all into VOO? Or VTI? Or individual stocks? I.e google, Apple, Amazon etc? I know everything with Trump has these individual company stocks pretty volatile - wish I bought in April, so joe just trying to see where best my cash (and continued contributions) would better serve. Any thoughts or comments? Thanks!",Abject_Buyer_8980,2025-05-09 13:59:45,9,28,https://www.reddit.com/r/investing/comments/1kiahs6/have_some_but_novice_investor_voovti_or/
Apple,1khzc9d,Apple’s AI Search Ambitions Threaten Google’s $20 Billion Safari Deal,"**Key Points:**

* **Apple is exploring AI-powered search alternatives**, including ChatGPT, Perplexity, and others — putting Google’s longtime dominance at risk.
* **Google paid Apple $20 billion in 2022** to remain the default search engine on Safari.
* **Alphabet stock dropped 7.3%** after Apple revealed it’s considering AI competitors — a $150 billion market cap loss in a single day.
* **The shift to AI search is bigger than a tech upgrade** — it could fundamentally change how we find and interact with information online.
* **Antitrust pressures and consumer behaviour** are aligning to end Google’s “default” era — and Apple may be quietly setting the stage.

[https://market.page/mag-7/apples-ai-search-ambitions-threaten-googles-20-billion-safari-deal-1746715266398808564](https://market.page/mag-7/apples-ai-search-ambitions-threaten-googles-20-billion-safari-deal-1746715266398808564)",UnhappyBother1704,2025-05-09 04:47:12,91,32,https://www.reddit.com/r/investing/comments/1khzc9d/apples_ai_search_ambitions_threaten_googles_20/
Apple,1khov7v,Google rebuffs claims of search traffic declines,"After the bloodbath yesterday, Google released a statement about query growth.  It's very short so here's the text below.  Interesting to see a direct response after hearing the soundbite from the trial from Apple's head of services.

""We continue to see overall query growth in Search. That includes an increase in total queries coming from Apple’s devices and platforms. More generally, as we enhance Search with new features, people are seeing that Google Search is more useful for more of their queries — and they’re accessing it for new things and in new ways, whether from browsers or the Google app, using their voice or Google Lens. We’re excited to continue this innovation and look forward to sharing more at Google I/O.""


https://blog.google/products/search/statement-press-reports-about-search-traffic/",Sweeede,2025-05-08 21:28:47,109,50,https://www.reddit.com/r/investing/comments/1khov7v/google_rebuffs_claims_of_search_traffic_declines/
Apple,1kh2ypt,What stocks do people think are set to see the biggest gains when/if tariffs are lifted?,"With the 2026 midterms on the horizon, I think Trump will face mounting pressure to lift tariffs—especially as economic and market narratives intensify. If that happens, which stocks or sectors do you think stand to benefit the most?

My guess is the following
Apple
Nike
Alibaba

",BennyL1986,2025-05-08 02:19:07,24,48,https://www.reddit.com/r/investing/comments/1kh2ypt/what_stocks_do_people_think_are_set_to_see_the/
Apple,1kh2185,GOOGLE stock presents buying opportunity imo.,"Does anyone else think that the Google sell off today of 9% is really warranted on the news that apple is considering adding AI to Safari? I believe that these AI LLM’s are heading towards commoditization, so what real differentiating factor will Apples introduction of AI into safari really have in disrupting Google? Idk but I’m buying shares here.",Ozzy_Invest,2025-05-08 01:42:10,531,419,https://www.reddit.com/r/investing/comments/1kh2185/google_stock_presents_buying_opportunity_imo/
Apple,1kgoc16,Request for market news app/subscriptions,"Today a buddy of mine noticed that after hours activity changed subsequent to news of Bessents upcoming Switzerland trip and China trade talks.

I missed it.  It’s no where on my X feed and no where in my Apple News.  I need something reliable that is up to date on the hour.  Is there an app, website, or RSS you all recommend?",Walkingepidural,2025-05-07 13:03:04,3,12,https://www.reddit.com/r/investing/comments/1kgoc16/request_for_market_news_appsubscriptions/
Apple,1kg7a7u,Are we sleeping on the impact of the new EU tariffs on tech stocks?,"I’ve been digging into the recent EU tariffs on U.S. tech imports announced last month (March 2025), and I’m wondering if the market is underreacting. The tariffs target hardware and software from big players like Apple, Microsoft, and Nvidia, with rates as high as 15% on some components. The EU’s pushing it as a move to bolster local tech, but it feels like a direct shot at U.S. dominance.I know the narrative is that these companies are “too big to fail” and have global supply chains to cushion the blow, but hear me out:

* Higher costs could squeeze margins, especially for hardware-heavy firms like Apple.
* If the EU doubles down (like they did with GDPR), could we see a broader tech trade war? China’s already hinted at “reciprocal measures.”
* Smaller tech ETFs (thinking XSD or SOXX) might take a bigger hit than the FAANG-heavy ones.

Yet, I’m seeing barely any chatter about this. Are we all too focused on AI hype or the Fed’s rate cuts to notice? Or is this just a blip that’ll fizzle out? Curious what you all think—am I overthinking this, or is there a real risk to tech portfolios here?P.S. I’m long on QQQ but starting to question if I should hedge with some puts. Anyone else adjusting their positions?",MythrilBalls,2025-05-07 00:25:23,159,129,https://www.reddit.com/r/investing/comments/1kg7a7u/are_we_sleeping_on_the_impact_of_the_new_eu/
Alphabet,1m8hki7,What do you think of my T212 pie?,"Hi,

I’ve been heavily involved in crypto for a few years now, and while it’s been an exciting space, I’m looking to build a more structured and relatively safer long-term investment plan. I’m 30, and to be honest, between high crypto exposure and falling a bit behind where I’d like to be with traditional savings, I’ve developed a fairly high risk tolerance.

That said, I want to create a portfolio I can commit to for the next 20–30 years, something that will grow steadily, even if I adjust or rebalance parts of it over time.

Right now, I’m using Trading 212 and wondering if it’s the best long-term platform for this kind of approach? or whether I’d be better off with a prebuilt pie, Vanguard ISA, or something more hands-off.

Here’s what I currently hold in my T212 ISA pie:
1. Vanguard FTSE All-World (Acc) – 45%
2. Vanguard FTSE Emerging Markets (Acc) - 21%
3. iShares Core S&P 500 (Acc) – 15%
4. Alphabet (Class A) – 7%
5. Nvidia – 5%
6. Palantir – 3%
7. IonQ – 2%
8. Rigetti Computing – 2%

Open to thoughts on whether this balance makes sense and if there’s a better way to structure things for compounding over the long haul.

Or, tell me if this is an awful pie and strategy!

Thanks! ",Thierry95,2025-07-25 06:56:58,3,2,https://www.reddit.com/r/investing/comments/1m8hki7/what_do_you_think_of_my_t212_pie/
Alphabet,1m5sgch,"S&P 500 and Nasdaq hit record highs, lifted by Alphabet","The S&P 500 and the Nasdaq hit record highs on Monday, lifted by Alphabet and other megacaps ahead of several earnings reports this week, while investors bet on potential trade deals to blunt economic damage from the Trump administration's global tariffs.

Google-parent Alphabet (GOOGL.O), opens new tab rallied over 2% ahead of its quarterly report on Wednesday. It and Tesla (TSLA.O), opens new tab, also reporting on Wednesday, kick off earnings from the so-called ""Magnificent Seven"", and their results may set the tone for other heavyweight companies reporting in the next several days.",theborderlinelive,2025-07-22 04:28:53,22,21,https://www.reddit.com/r/investing/comments/1m5sgch/sp_500_and_nasdaq_hit_record_highs_lifted_by/
Alphabet,1m4cx4d,Which stocks (list inside) will you buy (and why) if the market dips significantly?,"How I came out with this list is due to a few reasons

1. MAG 7 + super big caps like Broadcom, Eli Lilly and Netflix
2. The rest are a few stocks inside Adam Khoo's portfolio. He calls those stocks his long-term keep. (Adam Khoo is a stocks investing teacher)

The list

1. Nvidia
2. Microsoft
3. Apple
4. Amazon
5. Alphabet
6. Meta
7. Broadcom
8. Telse
9. Eli Lilly
10. Visa
11. Netflix
12. Mastercard
13. Costco
14. Palantir
15. Salesforce
16. ServiceNow
17. Booking
18. Fortinet
19. Celsius",Savings_Enthusiasm60,2025-07-20 10:43:47,0,34,https://www.reddit.com/r/investing/comments/1m4cx4d/which_stocks_list_inside_will_you_buy_and_why_if/
Alphabet,1ljdjmz,"Investing for 15+ years, whats your recommended strategy?","Hello, I manage to invest 600-800€ per month living in Germany and this is my current pie. Would you recommend adjusting it or maybe making it completely different? Thanks for your opinions.

Vanguard S&P 500 (Acc) - 15%  
Apple - 13%  
Nvidia - 12%  
Microsoft - 9%  
Alphabet (Class A) - 9%  
iShares NASDAQ 100 (Acc) - 9%  
Amazon - 7%  
Broadcom - 7%  
Rolls-Royce - 7%  
Meta Platforms - 6%  
Unilever - 6%",nxstymatt,2025-06-25 00:06:21,1,34,https://www.reddit.com/r/investing/comments/1ljdjmz/investing_for_15_years_whats_your_recommended/
Alphabet,1lgzzs4,Potential conflict of interest from wealth management company,"Hey folks, my girlfriend recently asked me to take a look at her managed investment portfolio to get a second opinion, and I found something a bit strange. A sizable amount of her portfolio was recently invested in a very new ""actively managed fund"" that I had never heard of, ticker FFOX.

Upon further inspection, there are a few odd things that jumped out:  
\- 1% Expense Ratio.  
\- Nearly half of the fund is just a collection of other ETFs.  
\- It is owned and managed by the same wealth management company.  
\- The expense ratio is buried way at the bottom of the fund’s site, and holdings are listed alphabetically (so it’s easy to miss that most of the fund is just other ETFs).

After I learned this, I asked my girlfriend to get in touch with her parents, who use the same wealth management company, and it turns out they also have a chunky amount of money invested in this fund. Neither of them were informed about this move.

This strikes me as a massive conflict of interest, and straight up shady business practice. I have never worked with a wealth advisor, so before I raise the alarm bells, I just wanted to check in here -- am I misinterpreting anything, or does this indeed feel like a huge red flag?",AnkerDank,2025-06-22 01:03:55,20,45,https://www.reddit.com/r/investing/comments/1lgzzs4/potential_conflict_of_interest_from_wealth/
Alphabet,1l8vmj3,Investing in AI: which is the best path?,"Hi investing-savvy people. If you could invest in an AI platform, which would you go for? Would you stick to public markets or try to grab something through private equity? For example OpenAI isn’t public, and neither is Anthropic.
Is this a classic situation where we buy the guy selling shovels (e.g. Nvidia, Digital Realty), the scale behemoths (Alphabet, Microsoft, Meta), or look for entry to unlisted companies? From an infrastructure perspective, you would need to gain access to the big funds that are clamoring to buy up DCs. 
I am not looking for advice: I am looking to understand the factors and risks that people assessing to value the sector. 

Happy to enter a conversation rather than simple yes/no interactions.",puglet1964,2025-06-12 00:28:17,0,19,https://www.reddit.com/r/investing/comments/1l8vmj3/investing_in_ai_which_is_the_best_path/
Alphabet,1l3m3rt,AI reminds me of Pets.com of 2000 Dot Com crash,"These are known facts

* It costs OpenAI $700,000 per day to operate their models
* GPT-4’s advanced queries cost up to $1,000 each
* OpenAI reported $5 billion in losses in 2024, projecting cumulative losses of **$44 billion** from 2023 to 2028
* Alphabet plans to invest $77 billion in CAPEX on expanding AI infrastructure in 2025

To summarize, this is the current situation. 

1. AI is not currently profitable
2. Companies are taking a develop first, profits later approach
3. NASDAQ and AI related stocks including Nvidia continues to surge with lofty forward P/E set by analysts

To recap the DotCom crash. Let's look at [Pets.com](http://Pets.com) 

1. [Pets.com](http://Pets.com) offered free shipping on low-margin products like bulky pet food, leading to significant losses on each sale. 
2. The company faced stiff competition from both established brick-and-mortar retailers such as Petstore.com and Petopia.com. 
3. The market downturned
4. The company estimated it needed $260 million to break even but had only raised $180 million. 
5. Securing additional funding became impossible during the crash, 
6. [Pets.com](http://Pets.com) goes bankrupt

Now obviously, we are not expecting companies like Google or Microsoft or Meta to go bankrupt. They all have diverse revenue sources and big cash reserves to be able to weather the cash burn. 

However it seems to me those companies going up without a profitable product is clearly reminiscent of the [Pets.com](http://Pets.com) saga, a story of growth at any cost that's bound to crash and burn. 

Thoughts? 



",TheCuriousBread,2025-06-05 09:49:52,0,146,https://www.reddit.com/r/investing/comments/1l3m3rt/ai_reminds_me_of_petscom_of_2000_dot_com_crash/
Alphabet,1ks6r35,"S&P 500 dips, debt concerns in focus as Trump's tax bill faces overnight test","The S&P 500 slipped in volatile trading and Treasury yields rose on Wednesday as U.S. President Donald Trump's proposed tax-cut law faced a rare overnight hearing aimed at influencing Republican holdouts opposed to the bill's passage.

The House Rules Committee scheduled an unusual 1 a.m. ET hearing that is expected to run well into daylight hours as Republicans try to overcome internal divisions about cuts to the Medicaid health program and tax breaks in high-cost coastal states.

U.S. House of Representatives Speaker Mike Johnson acknowledged, however, that a vote by the full chamber might not happen on Wednesday.

Nonpartisan analysts said the proposed plan could add between $3 trillion and $5 trillion to the federal government's $36.2 trillion debt.

""This tax bill could be a coin toss in its current form; it could go either way,"" said Mariam Adams, managing director at UBS Wealth Management.
""It really depends on how much relief the average investor... (is) receiving. If it can impact and give some kind of faith to individual investors, that could give us a really good rally.""

At 11:53 a.m. ET, the Dow Jones Industrial Average (.DJI) fell 332.05 points, or 0.78%, to 42,345.19, the S&P 500 (.SPX) lost 10.06 points, or 0.17%, to 5,930.40, and the Nasdaq Composite (.IXIC) gained 70.80 points, or 0.36%, to 19,213.51.
Boosting the Nasdaq, Google-parent Alphabet (GOOGL.O) jumped 4.9%, while Nvidia (NVDA.O) and Meta Platforms (META.O) climbed close to 1% each.
Nine of the 11 S&P sub-sectors traded lower, with Health Care (.SPXHC) being the worst hit.

U.S. bonds have been pressured since the start of the week, when Moody's downgraded the country's sovereign credit rating. Yields on the 30-year note were back up to 5.01% on Wednesday, with the benchmark 10-year yield climbing 5.2 basis points to 4.53%.

UnitedHealth Group (UNH.N) dropped 4.5% after a Guardian report said the healthcare conglomerate secretly paid nursing homes thousands in bonuses to help reduce hospital transfers for ailing residents. HSBC also downgraded the stock to ""reduce"" from ""hold"".

In earnings, retailer Target (TGT.N) fell 3.5% after slashing its annual forecast due to a pullback in discretionary spending.
Wolfspeed (WOLF.N) tumbled nearly 70% following a report that the semiconductor supplier was preparing to file for bankruptcy within weeks.

Despite the losses, U.S. stocks have had a solid month so far. The S&P 500 has climbed more than 17% from its April lows, when Trump's reciprocal tariffs roiled global markets.

A pause in the tariffs, a temporary U.S.-China trade truce and tame inflation data have pushed equities higher, although the S&P 500 is still about 3% off its record highs.

Brokerage Morgan Stanley upgraded its stance on U.S. equities to ""overweight"", saying the global economy was still expanding, albeit slowly, amid policy uncertainty.

Meanwhile, bitcoin scaled a fresh all-time high of $109,481.83. Exchange operator Coinbase (COIN.O) gained 2.1% and crypto miners including Riot Platforms (RIOT.O) rose about 3%.

Declining issues outnumbered advancers by a 2.76-to-1 ratio on the NYSE and by a 2.02-to-1 ratio on the Nasdaq.
The S&P 500 posted 12 new 52-week highs and two new lows, while the Nasdaq Composite recorded 41 new highs and 46 new lows.

Reporting by Shashwat Chauhan and Kanchana Chakravarty in Bengaluru; Editing by Pooja Desai and Devika Syamnath",Bobba-Luna,2025-05-22 04:29:12,38,2,https://www.reddit.com/r/investing/comments/1ks6r35/sp_500_dips_debt_concerns_in_focus_as_trumps_tax/
Alphabet,1krmdgk,"Best bargain today: Amazon, Alphabet, or Apple?","Looking at these three for the long-term, what do you like best?

Amazon at 33 is one of its lowest P/E levels ever, and even if tariffs slow spending, they're the lowest cost option for most people shopping online.

Alphabet's search downfall feels overhyped in a year of nerves.  They've got lots of other businesses, Gemini could be great for them, they're well managed.  P/E, 18.

Apple has seen a similar price dip, but.... At 32 its P/E is nowhere near cheap historically.  I don't know what I think about it.

Leaning Alphabet to start buying, interested in Amazon, leaning away from Apple. Appreciate your thoughts.

",jibboo2,2025-05-21 10:55:36,190,150,https://www.reddit.com/r/investing/comments/1krmdgk/best_bargain_today_amazon_alphabet_or_apple/
Alphabet,1kqcljo,Anyone else have UI/bug concerns with Wealthsimple app?,"As the title states.
I’m curious if any other people have experienced problems with the app.

Recently, UI won’t display stock price changes, only total portfolio value of shares. 
You have click every individual stock or etf to see any price change of an individual stock etc. 
It makes navigating your portfolio a point of frustration. 
(It used to display this alphabetically. It no longer does, so trying to track your portfolio changes is ire inducing) 

More over, it seems on high volume or volatile days, the app will display multiple ‘errors’ and make portfolio access unusable. 

My question is, has this been isolated or have there been other app users that have experienced these same issues?
",Aust655,2025-05-19 23:07:47,7,8,https://www.reddit.com/r/investing/comments/1kqcljo/anyone_else_have_uibug_concerns_with_wealthsimple/
Alphabet,1khzc9d,Apple’s AI Search Ambitions Threaten Google’s $20 Billion Safari Deal,"**Key Points:**

* **Apple is exploring AI-powered search alternatives**, including ChatGPT, Perplexity, and others — putting Google’s longtime dominance at risk.
* **Google paid Apple $20 billion in 2022** to remain the default search engine on Safari.
* **Alphabet stock dropped 7.3%** after Apple revealed it’s considering AI competitors — a $150 billion market cap loss in a single day.
* **The shift to AI search is bigger than a tech upgrade** — it could fundamentally change how we find and interact with information online.
* **Antitrust pressures and consumer behaviour** are aligning to end Google’s “default” era — and Apple may be quietly setting the stage.

[https://market.page/mag-7/apples-ai-search-ambitions-threaten-googles-20-billion-safari-deal-1746715266398808564](https://market.page/mag-7/apples-ai-search-ambitions-threaten-googles-20-billion-safari-deal-1746715266398808564)",UnhappyBother1704,2025-05-09 04:47:12,90,32,https://www.reddit.com/r/investing/comments/1khzc9d/apples_ai_search_ambitions_threaten_googles_20/
Alphabet,1jpda6t,Portfolio Thoughts Requested,"Hi All. Would appreciate some thoughts on this portfolio. Thank you! 

33M
Current Risk Tolerance: High (8/10)
Style: Mostly set-it-and-forget-it
Current Monthly Contribution: $1,200
Time Horizon: 30+ years

⸻

Core Growth – 26%
	•	VTI – 16% (Total U.S. Stock Market)
	•	VXUS – 5% (International Stocks)
	•	VB – 5% (Small-Cap U.S. Stocks)

Tech & Innovation – 31%
	•	NVDA – 8% (AI & Semiconductors)
	•	GOOGL – 5% (Alphabet / Google)
	•	ASML – 4% (Semiconductor Equipment)
	•	VGT – 8% (Tech ETF)
	•	BOTZ – 3% (Robotics & Automation)
	•	AIQ – 3% (Artificial Intelligence ETF)

Healthcare & Longevity – 16%
	•	IHI – 9% (Medical Devices ETF)
	•	XBI – 4% (Biotech ETF)
	•	UNH – 3% (UnitedHealth Group)

Innovation Themes – 10%
	•	ARKX – 3% (Space & Aerospace Innovation)
	•	ICLN – 3% (Clean Energy)
	•	LIT – 4% (Lithium & Battery Tech)

Dividend Growth – 11%
	•	SCHD – 6% (Dividend Growth ETF)
	•	DGRO – 5% (Core Dividend ETF)

REITs – 6%
	•	VNQ – 6% (U.S. Real Estate ETF)

 BTC, ETH, SOL (~5%)


",AffectionateQuote959,2025-04-02 10:58:26,0,3,https://www.reddit.com/r/investing/comments/1jpda6t/portfolio_thoughts_requested/
Alphabet,1jf2v1m,Are we heading into another lost decade?,"In my last [post](https://www.reddit.com/r/investing/comments/1j9ygro/remembering_stock_market_crash_of_2022/), I argued that periods of fear during market corrections are often exaggerated and that markets generally recover over time. This sparked a lot of discussion, with valid concerns that this time might actually be different. Interest rates are high. Stock prices seem expensive. There’s talk of recession, tariffs, geopolitical uncertainty, and massive government debt. Investors are rightly asking: **Are we heading for a lost decade?**

So I did some research and sharing my conclusion below. This is based on my understanding, and would appreciate feedback and different perspectives.

For most investors, the thought of spending ten years in a market that goes nowhere is unsettling. But it's entirely possible and has happened before multiple times. Certain eras in market history earned the nickname “lost decade” because stock prices failed to sustainably recover for 10 years or more. The most notable and often cited examples are:

* **Great Depression of 1929:** Stocks collapsed nearly 90%, and the economy fell apart. The market didn’t recover for decades. It took massive government spending during World War II to reignite growth.
* **The Stagflation ‘70s:** Inflation soared past 14%, oil shocks rocked the global economy, and interest rates were pushed up to 20%. The result? Stocks barely moved for a decade, losing purchasing power to inflation.
* **The Dot-Com Bust & Financial Crisis (2000-2010):** First, the dot-com bubble popped, wiping out overvalued tech stocks. Then, just as the market started recovering, the 2008 financial crisis hit, dragging the economy into a deep recession. It took more than a decade for markets to fully recover.
* **Japan’s Lost Decades (1989-Present):** The worst example of all. In the late 1980s, Japan was the hottest economy in the world—until a massive asset bubble popped. Stocks crashed, real estate values collapsed, and economic growth never fully returned. More than 30 years later, Japan’s stock market has just begun to surpass it’s all time high reached in 1989.

# While these periods had different triggers and circumstances, they all shared a few common characteristics:

1. **High stock market valuations at the start.** When investors pay too much for stocks, future returns tend to be disappointing, even if the economy grows.
2. **Debt was excessive.** Whether it was households, corporations, or governments, excessive borrowing created major financial drag.
3. **Big economic disruptions followed.** Inflation in the ‘70s, a financial system breakdown in the 2000s, and deflation in Japan—each one created a decade of stagnation
4. **Government responses often made things worse.** Central banks and policymakers either moved too slowly or responded in ways that prolonged economic pain.
5. **Long-term structural drags slowed recoveries.** Aging populations, slowing workforce growth, and weak productivity made it harder for economies to bounce back.

**Now, let’s compare that to today.**

* **Stock market valuations are high, but not in bubble territory.** The S&P 500’s valuation is elevated, much like before the 2000s lost decade. The current Schiller P/E ratio (price to cyclically adjusted earnings) is well above the historical average. But today’s leading companies—Apple, Microsoft, Nvidia, Alphabet, Meta —are highly profitable and are driving real earnings growth, unlike the speculative tech stocks of 2000.
* **Inflation is cooling but remains higher than ideal.** Unlike the 1970s, where inflation spiraled out of control going as high as 14%, today’s price pressures are slowly easing and much more moderate (2.8% as per latest inflation report). Supply chains are improving, and AI-driven productivity gains could help keep costs in check.
* **Debt is a major concern—but it’s not as out of control.** U.S. government debt is at record levels, limiting future stimulus options. But unlike 2008, household and corporate debt are under control. Banks are better capitalized, and there’s no widespread financial system breakdown looming.
* **Geopolitical risks are real, but markets have absorbed them so far.** Trade tensions between the U.S. and China, ongoing wars, and the shift toward deglobalization continue to be key risks.
* **Demographics are a mixed bag.** The U.S. workforce is aging (Avg age. 39), but still younger than Japan during early 2000s (Avg age 48). Immigration and higher workforce participation rates still give the economy more resilience than Japan or Europe.
* **The biggest wildcard is AI and automation.** A hopeful difference today is the pace of technological innovation. The late 1920s had new tech (radio, automobiles) but the Depression cut investment in them. The 1970s paradoxically saw relatively slow productivity growth (despite the IT revolution being on the horizon, its benefits weren’t felt until the 1980s–90s). Today, we’re on the cusp of another tech-driven productivity boom – chiefly due to artificial intelligence and automation. If AI can boost efficiency significantly, it could raise economic growth in the latter part of this decade. Goldman Sachs predicts generative AI could eventually lift GDP by \~7% over a decade. Such a boost would be a stark difference from past lost decades, which generally lacked a positive productivity shock to offset their drags. Right now a lot of it seems hype. But if AI delivers on its promise without displacing jobs at large scale, it can lead to an unprecedented boom and a period of huge wealth creation.

**So while there are risks, this is not the same setup as past lost decades.**

While history never repeats exactly, it does rhyme. Today we see echoes of past pre-crisis extremes – high stock valuations and heavy debts – combined with new challenges like aging demographics and geopolitical shifts. **However, we also see crucial differences: inflation is being actively managed (not runaway as in the ’70s), our financial system (banks and corporates) is more robust than before the 2008 crisis, and potential growth drivers (AI, etc.) could emerge to surprise on the upside**.

Instead of lost decade, **we appear to be headed towards a muddled decade** — some ups, some downs, growth in some specific sectors, and at least some modest growth, even if lower than previous decade.

Of course, this can change as events play out in the world in coming months and years. There may be major natural disasters that disrupt global supply chains or something else. But as things stand now, the more probable outcome is a decade of lower returns than previous decade rather than complete stagnation.

**What does it mean for you?** Investors who expect 10-12% annual returns just through index investing, like in the 2010s, may be disappointed. But those who adapt—focusing on quality companies, dividends, and emerging growth areas like AI—could still emerge out wealthier and stronger.",kumaramit0703,2025-03-20 02:42:37,0,46,https://www.reddit.com/r/investing/comments/1jf2v1m/are_we_heading_into_another_lost_decade/
Alphabet,1j8g78j,"2-fund, 0% TSLA, VOO replacement (aka, the F'ELON fund)","I've wanted to remove TSLA from my ETF holdings for years, but it's recently become a priority. I used the reasoning function in ChatGPT to look at how to do this as simply as possible within existing Vanguard ETFs.

I'm looking at replacing VOO specifically, but GPT can easily replicate this for VTI or any other index fund. I call it the **F'ELON-EZ = 70% VIG, 30% VTV**

Has anyone else purged TSLA from their holdings? What funds are you using?


EDIT: As many have pointed out, GPT appears to be hallucinating the holdings of VTV and VIG. Lesson learned for getting excited and posting this before double checking the data. 

I’m going to do this the hard way and post back later. 

\--------------------------------------------------------------------------------------

F'ELON-EZ vs. VOO: Hypothetical Annualized Returns

|Time Horizon|VOO (S&P 500)|F'ELON-EZ (70% VIG / 30% VTV)|
|:-|:-|:-|
|**1-Year**|\~12.5%|\~12.3%|
|**3-Year Annualized**|\~14.0%|\~13.8%|
|**5-Year Annualized**|\~11.0%|\~10.8%|
|**10-Year Annualized**|\~9.0%|\~8.8%|

F'ELON-EZ vs. VOO: Top 50 Holdings by %

|Rank|Company (Ticker)|VOO Weight|F'ELON‑EZ Weight|
|:-|:-|:-|:-|
|1|Apple (AAPL)|7.0%|6.8%|
|2|Microsoft (MSFT)|6.0%|5.9%|
|3|Amazon (AMZN)|4.0%|3.7%|
|4|Alphabet (GOOGL)|3.5%|3.4%|
|5|Nvidia (NVDA)|2.5%|2.4%|
|6|Tesla (TSLA)|1.5%|0.0%|
|7|Berkshire Hathaway (BRK.B)|1.5%|1.6%|
|8|Johnson & Johnson (JNJ)|1.5%|1.7%|
|9|JPMorgan Chase (JPM)|1.3%|1.4%|
|10|Visa (V)|1.1%|1.1%|
|11|Procter & Gamble (PG)|1.0%|1.0%|
|12|UnitedHealth Group (UNH)|1.0%|1.0%|
|13|Home Depot (HD)|1.0%|1.0%|
|14|Mastercard (MA)|0.9%|0.9%|
|15|Exxon Mobil (XOM)|0.9%|0.9%|
|16|Verizon (VZ)|0.8%|0.8%|
|17|Chevron (CVX)|0.8%|0.8%|
|18|Merck (MRK)|0.7%|0.7%|
|19|Pfizer (PFE)|0.7%|0.7%|
|20|AT&T (T)|0.7%|0.7%|
|21|Coca-Cola (KO)|0.6%|0.6%|
|22|PepsiCo (PEP)|0.6%|0.6%|
|23|Adobe (ADBE)|0.6%|0.6%|
|24|Cisco Systems (CSCO)|0.6%|0.6%|
|25|Walmart (WMT)|0.6%|0.6%|
|26|Oracle (ORCL)|0.5%|0.5%|
|27|Netflix (NFLX)|0.5%|0.5%|
|28|Intel (INTC)|0.5%|0.5%|
|29|Comcast (CMCSA)|0.5%|0.5%|
|30|Broadcom (AVGO)|0.5%|0.5%|
|31|Accenture (ACN)|0.5%|0.5%|
|32|Thermo Fisher Scientific (TMO)|0.5%|0.5%|
|33|Eli Lilly (LLY)|0.5%|0.5%|
|34|Nike (NKE)|0.5%|0.5%|
|35|Salesforce (CRM)|0.5%|0.5%|
|36|Abbott Laboratories (ABT)|0.5%|0.5%|
|37|McDonald's (MCD)|0.5%|0.5%|
|38|Texas Instruments (TXN)|0.5%|0.5%|
|39|Amgen (AMGN)|0.5%|0.5%|
|40|Starbucks (SBUX)|0.5%|0.5%|
|41|NextEra Energy (NEE)|0.5%|0.5%|
|42|Goldman Sachs (GS)|0.5%|0.5%|
|43|Honeywell (HON)|0.5%|0.5%|
|44|Bristol-Myers Squibb (BMY)|0.5%|0.5%|
|45|Union Pacific (UNP)|0.5%|0.5%|
|46|Qualcomm (QCOM)|0.5%|0.5%|
|47|General Electric (GE)|0.5%|0.5%|
|48|Morgan Stanley (MS)|0.5%|0.5%|
|49|Philip Morris Intl. (PM)|0.5%|0.5%|
|50|3M (MMM)|0.5%|0.5%|",bramblefuzz,2025-03-11 11:12:38,0,20,https://www.reddit.com/r/investing/comments/1j8g78j/2fund_0_tsla_voo_replacement_aka_the_felon_fund/
Alphabet,1j5tl9z,"Nvidia: Rising Competition, Valuation Concerns, and Shifting AI Investments","* Nvidia peaked in June 2024 and has been in a sideways correction.
* DeepSeek's AI model and high Nvidia valuation caused a sharp stock decline.
* Cloud companies' weak performance reduced AI chip investments.
* AMD and tech giants are developing cheaper AI chips, pressuring Nvidia.
* Nvidia remains dominant but faces increasing competition and valuation concerns.



In January 2025, Chinese AI company DeepSeek made a bold move by launching a new AI model at a fraction of the cost typically required. This raised concerns about Nvidia’s market monopoly, leading to a historic one-day market cap loss of nearly $600 billion. The stock had already been struggling after peaking in June 2024, showing signs of a broader correction phase. Weak cloud profits and reduced AI hardware investments from major cloud companies added to the downturn. Despite Nvidia consistently beating earnings estimates, its high valuation has investors questioning its long-term sustainability. The company’s $2.8 trillion valuation, trading at 12.5x forward revenue for FY 2027, has been flagged as a major risk.

Nvidia’s latest earnings exceeded analyst expectations, beating EPS estimates by $0.04 and revenue estimates by $1.19 billion. Annual EPS growth remains strong, but the stock failed to rally due to external market conditions. Major hyperscalers like Amazon, Google, and Microsoft underperformed in cloud revenue, signaling a slowdown in AI chip investments. Investors are concerned about weakening demand as new competitors introduce cheaper AI models. Nvidia forecasts a 56% YoY revenue increase for FY 2026 and 21% for FY 2027, yet risks remain as the AI chip market becomes more competitive.

Amazon, Microsoft, and Google account for nearly half of Nvidia’s data center sales. Their investments in Nvidia’s AI chips have powered cloud AI workloads, but recent underperformance in cloud revenue is forcing them to reconsider expensive AI hardware spending. Companies are increasingly looking for alternatives to Nvidia’s GPUs, such as in-house chips and more affordable AI models. AI training, which once required millions of dollars in Nvidia GPUs, can now be done for as little as $50 using new techniques. Alibaba’s latest AI model has surpassed DeepSeek, challenging Nvidia’s dominance. With cloud growth slowing, hyperscalers are cutting back, further threatening Nvidia’s future revenue.

Competition in the AI hardware space is intensifying as more companies shift away from Nvidia’s expensive GPUs. DeepSeek’s R1 model is now available on AWS and Azure, gaining rapid adoption due to its low cost. Alibaba’s Qwen2.5-Max is reportedly more advanced, further pressuring Nvidia. Research from Stanford and the University of Washington has demonstrated that powerful AI models can be trained for just $50, proving that high-end GPUs are no longer necessary. Major tech firms like Google, Amazon, and Microsoft are investing in custom AI chips, reducing reliance on Nvidia and reshaping the market.

AMD is rapidly expanding its AI chip business, positioning itself as a strong competitor. CEO Lisa Su expects tens of billions in AI chip revenue annually, and the company is accelerating the launch of its Instinct MI350 to compete with Nvidia’s flagship chips. Other companies, including OpenAI, Google, and Amazon, are developing their own AI chips to reduce dependency on Nvidia. These alternatives are proving to be more efficient and cost-effective, which could threaten Nvidia’s ability to maintain its premium pricing and dominant market position.

Wall Street remains skeptical about Nvidia’s valuation. The stock is trading at 12.5x forward revenue for FY 2027, with a high forward P/E ratio of 25x FY 2026 EPS estimates. Comparatively, Alphabet trades at 18.5x forward P/E, making Nvidia look significantly more expensive. With Amazon, Google, and Microsoft seeing weaker cloud revenue growth, Wall Street is pushing them to cut capital expenditures. If hyperscalers reduce AI chip purchases, Nvidia’s revenue projections may be revised downward, increasing concerns about the sustainability of its high valuation.

The future of Nvidia’s stock price remains uncertain. A prolonged correction could continue as the AI market undergoes structural changes. The company faces mounting competition from AMD, DeepSeek, and custom AI chips, which could erode its market share. If hyperscalers continue to scale back on AI hardware spending, Nvidia’s revenue growth could take a hit. Stock valuation comparisons highlight potential downside risks, with Nvidia trading at 12.3x forward revenue for FY 2027. Forecasts for Nvidia’s revenue range from $179 billion to $334 billion, highlighting the uncertainty surrounding the company’s growth potential. While Nvidia remains a dominant force, the increasing number of competitors and shifting industry trends suggest that its upside may be limited.

Financial data reinforces Nvidia’s strong market presence, with a 78% YoY revenue growth in Q4, reaching $39.3 billion, driven by a 93% increase in data center revenue. Analysts estimate Nvidia’s forward revenue between $179 billion and $334 billion, reflecting its market strength. However, Nvidia’s high forward P/E ratio of 40–50x, compared to Alphabet’s 20–25x, indicates stretched valuations that may not be sustainable. Despite its leadership in AI chips, the emergence of alternatives is forcing Nvidia to adapt or risk losing ground.

Broader industry trends indicate a shift in AI and semiconductor investments. Hyperscalers are prioritizing efficiency over Nvidia’s expensive GPUs, turning to cost-effective AI models from DeepSeek, Alibaba, and academic institutions. Geopolitical factors may also impact Nvidia’s supply chain and stock price. Market performance suggests a shift in investor sentiment, with Microsoft’s stock down 20% from its peak despite the S&P 500 rising 10%. The AI sector is evolving, and Nvidia’s dominance, built on CUDA, faces growing competition from rising alternatives.

**TL;DR:** Nvidia’s stock has struggled since peaking in June 2024 due to rising competition from DeepSeek and AMD, reduced cloud investments, and concerns over high valuation. Despite strong earnings, Wall Street remains skeptical about its long-term growth. AI hardware spending is shifting towards cost-effective solutions, putting pressure on Nvidia’s pricing power. While the company remains dominant, increasing competition and hyperscaler cutbacks could limit its upside potential.

",Goatofoptions,2025-03-08 02:01:54,0,11,https://www.reddit.com/r/investing/comments/1j5tl9z/nvidia_rising_competition_valuation_concerns_and/
Alphabet,1ixvmn7,The Bull Case for Xpeng ($XPEV),"**Why Xpeng stock ($XPEV) can 5x to hit US$100 (and beyond?) by end-2026**

Below is a condensed report, drop me a PM if you want to know more. Also, if China stocks are not your thing, either risk-, political-, personal-, or other-wise, kindly ignore. I was not paid or sponsored to write this and do not have glowing EV or AI credentials, but I have been diligently researching and studying the EV industry (including Xpeng) since 2020.

**INTRODUCTION**

Xpeng is a Chinese EV maker headed by CEO He Xiaopeng, with dual listings in the USA and Hong Kong. Its current price as of today is around US$19.5 with a market capitalization of around US$18.6 billion.

But is it really just an automaker? I’d argue Xpeng is in fact a software company providing full-stack AI mobility solutions, and seems hugely underestimated by analysts and markets alike. Here’s why Xpeng could see large growth in the coming years, perhaps hitting US$100 by end-2026 (or \~US$100 billion market cap), using a simple SWOT analysis.

**STRENGTHS** 

1. **Product & Design:** Xpeng’s cars have always had aesthetics in mind, with their latest P7+ and sub-brand MONA M03 sedans’ stylish looks, best-in-class comfort, and large space now huge bestsellers in China. Xpeng is now the 3rd best selling EV carmaker in China at the moment, behind BYD, Wuling, and Geely.
2. **Affordability:** Xpeng cars are kept affordable while retaining many luxury and tech features, providing good value-for-money.
3. **Cutting-edge Technology & Features:** Outstanding Xpeng tech includes an in-house powertrain integrated with the vehicle chassis, plus outstanding autonomous driving capabilities and smart features.
4. **Strong Leadership Team:** In 2023, CEO Xiaopeng and President Wang Fengying overhauled the management team, rooted out corruption, eradicated departmental inefficiencies, and shifted to a more user-centric focus. The CEO remains humble and fully committed to building the company to reach greater heights.
5. **Strong Supply Chain, Marketing & Branding Management:** After a tumultuous 2022 and 2023, Xpeng’s product, marketing, and supply chain teams are now all working harmoniously to swiftly ramp up production and deliver blockbuster hits one after another.
6. **Financials:** The [CEO has recently hinted at a breakeven quarter this year](https://cnevpost.com/2025/02/07/xpeng-expects-break-even-single-quarter-2025/), which will be a pivotal turning point for the company and change in valuation metrics.

**WEAKNESSES**

1. **Low Brand Strength & Perception:** Xpeng is slowly but surely growing its reputation in China and overseas, with stronger sales.
2. **Intense Industry Competition & Price Wars Creating Margin Erosion:** Might not necessarily be a weakness since competition breeds innovation and efficiency (see Deepseek). Moreover, Xpeng has several cost advantages, such as Gigapresses and joint raw materials purchases with partner Volkswagen.

**OPPORTUNITIES** 

1. **Strong 2025 Pipeline:** 2025 official target deliveries is 380–400,000. However looking at their strong pipeline, especially for L3 autonomous driving, I am forecasting 450–500,000 deliveries for this year, with a possibility of attaining 800,000+ EV deliveries for 2026.
2. **Autonomous Driving (AD) & Self Driving Cars:** Xpeng is a strong contender for this race, with the CEO declaring in January 2025 they will achieve Quasi-L3 AD by mid-2025 and Full L3 AD by end of 2025.
3. **Flying Cars:** Xpeng’s Land Aircraft Carrier (modular van and flying eVTOL module) will start deliveries in 2026 (no, this is not a wild going-by-faith projection, the [factory is currently under construction with target completion in 3Q 2025](https://cnevpost.com/2024/10/27/xpeng-aeroht-flying-car-base-breaks-ground/)). Their entry will shake up the low-altitude economy due to its mass production capabilities, cost advantages, and synergies with EV production and technology. But don't expect this business to have a huge impact on the stock by itself.
4. **Humanoid Robots:** Xpeng’s bipedal, all-purpose Iron Robots have already been deployed in Xpeng’s factories and stores, and are expected to enter trial commercial use in the second half of 2025, meaning commercial use may come in 2026, including **talking and moving like humans.** Much potential in this enormous space for Xpeng, which has several differences in its robot tech from its peers (with the CEO just saying he is confident [Xpeng will deploy one of the earliest mass-produced L3 robots in China](https://m.weibo.cn/status/5137890441693096)).
5. **AI Car Chips:** Xpeng will mass-produce their potentially game-changing Turing AI chip in mid-2025 (3x the computing power of industry standard Nvidia's Drive Orin-X), where it will set off a chain motion of new product launches. Possible to be adopted by other automakers too. Angus McKenzie from Motortrend has speculated that if Xpeng’s Turing Chip lives up to its full potential, it could be a [Deepseek moment for the car industry](https://www.motortrend.com/news/xpeng-develops-ai-chip-deepseek-moment/). 
6. **Robocars & Robotaxis:** The final step in autonomous driving (L4/L5 AD), and with endless possibilities: From transportation to food delivery to mobile convenience stores to F&B to ecommerce deliveries. Coupled with Iron Robot can achieve wonders in any industry.
7. **Global Expansion:** Xpeng car sales are accelerating around the world, with a targeted presence in 60 countries by end of 2025, compared to 30 as of end 2024.
8. **Increasing Partnerships & Institutional Investors:** Existing partnerships and investments by Volkswagen may deepen, and institutional investors (domestic or foreign) may start to invest in Xpeng as it becomes recognized worldwide.

**THREATS** 

1. **Competition:** There is always intense **price competition** in the EV sector, whether in China or overseas. However, Xpeng is in a sweet spot of value for money and product, and will continue to attract customers in the entry-level range. **Competition in autonomous driving** is fierce, and there’s a chance another car company unlocks L3 and L4 before Xpeng. However, Xpeng will get there eventually too, and it has other prospects, plus it can always catch up and outshine with its robocar offerings. Some may also be worried that **copycats** will mimic Xpeng’s popular car models bolt for bolt, but it’s not so simple as Xpeng has built up a decade’s worth of proprietary innovation and expertise in building cutting-edge EVs. And will continue to do so.
2. **Loss of Innovation:** Xpeng depends heavily on its tech innovation to stand out. Loss of key men may cause a brain drain and loss of technological edge. Xpeng is tackling this by recruiting the best and brightest, and heavily invested in R&D.
3. **Geopolitical Tensions:** I believe a **major war is very unlikely** under the current Trump administration. But increasing friction between USA and China may spark another call for **delisting of China ADRs**, which if comes to pass will create volatility in the stock prices, but I feel Xpeng’s stock will eventually recover and push higher as the company performs well (will have small forex risk though). USA may also decide to **tighten EV chip restrictions** on China automakers, but that will not affect Xpeng as it transitions to its own Turing Chip for all its products in mid-2025 (may turn out to be a boon instead as competitors falter).
4. **Global or Domestic Economic Softness:** Any economic slowdown in China or the rest of the world will have a mixed effect on Xpeng’s position as an affordable, mass market, smart EV brand. A slowdown could actually spur more consumers to go for bang-for-their-buck cars, and Xpeng fits the bill perfectly.

**SUMMARY**

Do you want to own a company that can potentially change the world? Xpeng could turn out to be the **Tesla of China, Figure AI of China, Archer Aviation of China, Nvidia of Cars: All rolled into one!**

The risk reward looks tremendously positive. And the worst case I can see right now is the stock goes sideways due to inexplicable stagnation in its domestic and overseas EV car business, PLUS all its other exciting prospects — Autonomous Driving, Flying Cars, AI Chips, Robots, Robocars — fall flat.

BUT, in a good scenario (not necessarily the best case even), if one or two of Xpeng’s businesses blast off? A review of each and my estimated valuations (now and end-2026, with estimated annual sales):

1. **EV Cars (Semi-AD)** — Current (**L2 AD**, 300K annual sales): US$18 Billion | End 2026 (**L3 AD**, 800K-1M sales + huge/growing orderbook): US$50–60 Billion *(Benchmarked against BYD & Li Auto valuation)*
2. **Flying Cars** — Current (3K orderbook): US$1 Billion | End 2026 (10K sales + 10–30K orderbook, depends on type): US$5–20 Billion *(*[*Benchmarked against Archer Aviation valuation*](https://investors.archer.com/news/news-details/2024/Archer-Announces-Third-Quarter-2024-Results-Demonstrating-Manufacturing-Certification-and-Commercial-Launch-Momentum/default.aspx)*)*
3. **Robots** — Current: Nil | End 2026 (5–10K sales + 10–100K orderbook): US$5–60 Billion *(Wildcard, Enormous potential,* [*Benchmarked against Figure AI valuation*](https://www.bloomberg.com/news/articles/2025-02-14/robotics-startup-figure-ai-in-talks-for-new-funding-at-39-5-billion-valuation)*)*
4. **AI Chips** — Current: Nil | End 2026 (0–20K orderbook + partnerships): US$2–20 Billion *(Big wildcard at the moment)*
5. **Robocars (Full-AD)** — Current: Nil | End 2026 (10–50K orderbook + partnerships): US$5–40 Billion *(Enormous potential,* [*Benchmarked against Waymo & Tesla valuation*](https://www.barrons.com/articles/alphabet-waymo-stock-tesla-robotaxis-29a57e01) *with big haircut)*

Is this so ridiculous? Bear in mind Tesla’s sky high valuation for its future autonomous driving, robot, and robocar plays. Now Xpeng is valued at a mere 1.8% of Tesla. A major product breakthrough can trigger a sharp bull run for Xpeng, cause short-sellers to stay away, and maybe turn it into a meme stock. Just my 2 cents. Peace out.",iwannahaveyourbaby,2025-02-25 22:59:51,7,1,https://www.reddit.com/r/investing/comments/1ixvmn7/the_bull_case_for_xpeng_xpev/
Alphabet,1irw0gg,ExxonMobil - is it a good stock?,"Considering to include ExxonMobil in my portfolio. Would you clarify if it's a good idea in terms of stock appreciation and dividends?

My portfolio currently consists of: VUSA, MSFT, Alphabet (GOOGL), BTC and some other investments with a similar return rates to VOO.

With such portfolio, should I include ExxonMobil or just continue investing money in what I already invest instead of spreading the money across additional investments?

Thanks.",Amphibious333,2025-02-18 06:52:56,0,14,https://www.reddit.com/r/investing/comments/1irw0gg/exxonmobil_is_it_a_good_stock/
Alphabet,1im1g50,Why Estimates For NVIDIA's Q4 Revenue Could Be Dead Wrong: The Case for NVIDIA's Next Blowout Report,"TL;DR: Estimating NVIDIA's Q4 FY2025 revenue from the capex of its four largest customers using linear regression results in an estimated revenue of $49.265 billion which is significantly higher than Wall Street's expectations of $38.13 billion.

This is the author’s opinion only, not financial advice, and is intended for entertainment purposes only. The author holds a beneficial long position in NVIDIA Corporation. The author receives no compensation for writing this article and has no business relationship with any of the companies mentioned. The following analysis has been carefully conducted, but numbers or calculations may be incorrect, leading to potentially incorrect results.

NVIDIA will report its Q4 FY2025 financial results on February 26. The consensus estimate for NVIDIA's Q4 revenue is $38.13 billion. In the past two weeks, Microsoft, Meta, Alphabet, and Amazon, NVIDIA's largest customers, have reported earnings. One of the biggest headlines was the announcement that these four companies plan to spend approximately $320 billion in capital expenditures (capex) through 2025:

Year	|Meta	|Alphabet	|Microsoft	|Amazon	| Sum 2024 ($bn)	|39.2	|52.6	|75.6	|77.8	|245.2 2025 (planned, $bn)	|65.0	|75.0	|80.0	|100.0	|320.0

Much less attention was paid to the significant increase in capital expenditures by these companies last quarter:

Category	|Meta	|Alphabet	|Microsoft	|Amazon	| Sum Last quarter reported ($bn)	|14.425	|14.276	|15.804	|27.834	|72.339 Previous quarter ($bn)	|8.258	|13.061	|14.923	|22.620	|58.862 Change from previous quarter	|+74.7%	|+9.3%	|+5.9%	|+23.1%	|+22.90%

Since these 4 companies are the largest buyers of NVIDIA's GPUs, it makes sense to examine a correlation between these companies' quarterly capex and NVIDIA's quarterly revenue. For the last 7 quarters, we get a strong correlation coefficient of 0.95 (Pearson correlation). Now, if we use linear regression to estimate NVIDIA's revenue for the yet-to-be-reported Q4 2025 based on this data, we get quarterly revenue of $49.265 billion, which is more than $10 billion above the consensus analyst estimate.

Of course, NVIDIA's GPUs account for only a portion of these 4 companies' reported capex. However, given the recent disappointing results from NVIDIA's competitor AMD, that portion may have increased. It could also be that a lot of datacenters have been built now and these costs were already incurred in previous quarters, leaving more capex for NVIDIA's GPUs - and the newly built datacenters should now have plenty of room for the upcoming Blackwell generation. Of course, companies like Alphabet are also building their own AI chips, but they are much less cost-effective than NVIDIA's Hopper generation and especially the upcoming Blackwell generation. Or as Amazon CEO Andy Jassy put it on an analyst call last week: ""most AI compute has been driven by Nvidia chips, and we obviously have a deep partnership with Nvidia and will for as long as we can see into the future."" All in all, one could assume that the share of capex from these 4 companies going to NVIDIA may have even increased in the last quarter.

In addition, there are other major buyers of NVIDIA's GPUs: xAI, for example, has also purchased tens of thousands of NVIDIA's GPUs and built the massive supercomputer Colossus with 100,000 NVIDIA Hopper GPUs. Another massive buyer of NVIDIA's GPUs has just formed with Project Stargate, which plans to invest a staggering $500 billion in new AI infrastructure over the next four years. All of this should continue to be a strong wind in NVIDIA's sails.",dontkry4me,2025-02-10 17:26:17,0,5,https://www.reddit.com/r/investing/comments/1im1g50/why_estimates_for_nvidias_q4_revenue_could_be/
Alphabet,1ik2t3i,Marvell’s Investment Case Got Stronger With Hyperscaler Capex,"**I bought Marvell Technology (MRVL) for around $114 adding to my January purchases for around $107.**

I missed buying it in the low 90s, waiting to see if their transformation to an AI chip company was complete. Having a cyclical past with non-performing business segments made me hesitate, besides far too many promises have been made in the AI space only for investors to be disappointed.

Marvel has been walking the talk, Q3 results in Dec 2024 were exemplary, and guidance even better.

**Hyperscaler demand**

With a planned Capex of $105Bn for 2025, Amazon confirmed on their earnings call that the focus will continue on custom silicon and inferencing. Amazon and Marvell have a five-year, “multi-generational” agreement for Marvell to provide Amazon Web Services with the Trainium and Inferentia chips and other data center equipment. Amazon is an investor in Anthropic with plans to build a supercomputing system with “hundreds of thousands” of Trainium2 chips called Project Rainier. DeepSeek's model's success does suggest a further democratization of AI, as inference starts gaining prominence in 2026.

**Q3-FY2025**

Marvell beat revenue estimates by 4% and adjusted EPS estimates by 5.5%, 

FQ3 revenue grew 6.9% YoY and 19.1% QoQ growth to $1.52Bn, helped by a stronger-than-expected ramp of the AI custom silicon business.

For Q4, it expects revenue to grow 26.2% YoY and 18.7% QoQ to $1.8Bn at the midpoint, beating previous estimates by 9.1% and adjusted EPS estimates by 13.5%. 

Management indicated that it could exceed the full-year AI revenue target of $1.5Bn and likely beat the FY2026 AI revenue target of $2.5Bn as well.

Adjusted operating margin – 29.7% V 29.8% last year, and better than the management guide of 28.9% with even higher guidance for Q4 at 33%.

Adjusted net income – $373 Mn or 25% of revenue.

**Management has also committed to GAAP profitability in Q4**.

**Custom Silicon** **Could Boom** – There are estimates of a TAM (Total Addressable Market) of $42 billion for custom silicon by CY2028, of which Marvell could take 20% market share or $8Bn of the custom silicon AI opportunity. Broadcom too has talked up a potential TAM of $70Bn and I hope to see more details in the 4th quarter calls. On the networking side, the TAM is another $31 billion.

Oppenheimer analyst Rick Schafer thinks that each of Marvell’s four custom chips could achieve $1 billion in sales next year. Production is already ramping up on the Trainium chip for Amazon, along with the Axion chip for the Google unit of Alphabet. Another Amazon chip, the Inferentia, should start production in 2025. Toward the end of next year, deliveries will begin on Microsoft’s Maia-2, which Schafer hopes will achieve the largest sales of all.

**Key weaknesses and challenges**

Marvell carries $4Bn in legacy debt, which will weigh on its valuation.

The stock is already up 70% in the past year, and is volatile – it dropped $26 from $126 to $100 after the DeepSeek and tariffs scare, in the past ten days, before bouncing back.

Custom silicon, ASICs (Application Specific Integrated Circuits) have strong competition from the likes of Broadcom (AVGO) and everyone is chasing market leader Nvidia (NVDA). Custom silicon as the name suggests is not widely used like an Nvidia GPU and will encounter more difficult sales cycles and buying programs.  


Marvell has other segments, which account for 27% of the business that are not performing as well; but they’re going full steam ahead to focus on the custom silicon business and expect total data center to exceed 73% of revenue in the future. 

Drops in AI buying from data center giants will hurt Marvell.

Over 50% of Marvell’s revenue comes from China, and it could become a victim of a trade war.

**Valuation:** The stock is selling for a P/E of 43, with expected (as per consensus analysts' estimates) earnings growth of 80% in FY2025 and 30% after that for the next two years – that is reasonable. It has a P/S ratio of 12.6, with growth of 25%. It’s a bit expensive on the sales metric, but with AI taking an even larger share of the revenue pie, this multiple could increase.",Fountainheadusa,2025-02-08 04:03:48,0,16,https://www.reddit.com/r/investing/comments/1ik2t3i/marvells_investment_case_got_stronger_with/
Alphabet,1ihklrl,Is there any way to get quarterly earnings report for subsidiary companies?,"So this is regarding publicly traded companies. SEC filings show quarterly earnings for ""parent companies"" but they don't show anything for subsidiaries(please correct me if that's not the case). So is there any way to find a legitimate source of quarterly earning's report for a subsidiary company?? (ex. Waymo under Alphabet).",cakewalk093,2025-02-05 00:45:04,5,11,https://www.reddit.com/r/investing/comments/1ihklrl/is_there_any_way_to_get_quarterly_earnings_report/
Alphabet,1idvca4,What is going on with China's recent developments in quantum computing?,"Google [Tianyan-504](https://duckduckgo.com/?q=tianyan-504&t=newext&atb=v452-1&ia=web). Google [Zuchongzhi 3.0](https://duckduckgo.com/?q=tianyan-504&t=newext&atb=v452-1&ia=web). Google it, right now. Who’s reporting this? China is right behind the USA in quantum computing research, and the markets don't seem to have a clue.

TL;DR: Simply put, I believe the markets have not reacted to China’s most recent advancements in quantum computing. China is potentially not as far behind the USA as markets would have you believe. I provide here a commentary of recent market movements, in relation to recent quantum computing news and developments. I follow with a more technical discussion of the significance of China’s advancements, those of US corporations.

Financial disclaimer: While I justify my comments where possible, some of the comments I make in this post are pure speculation. I do not recommend making speculative trades, such as shorting quantum computing, or buying quantum cybersecurity. I am not a financial advisor, and this is not financial advice.

  
I was astounded to see the latest news dominating the headlines. How did the market not know that China was developing its own language-learning models? I’m a filthy casual, and even I knew about it. It’s been in our news at least [since July](https://www.marktechpost.com/2024/07/20/deepseek-v2-0628-released-an-improved-open-source-version-of-deepseek-v2/), and available for use [since September last year](https://api-docs.deepseek.com/news/news0905). It was pretty fucking good back then, too. And there’s Alibaba’s Qwenchat, Tencent’s HunYuan, among numerous others they haven’t even started talking about yet. What else have they forgotten, in this wild speculative bull run? They probably think the USA is lightyears ahead in quantum computing too. Oh, oh. They do, don't they?

Before you go any further, look up [Tianyan-504](https://english.cas.cn/newsroom/cas_media/202412/t20241206_893281.shtml). Look up [Zuchongzhi 3.0](https://arxiv.org/pdf/2412.11924). Google them, right now. They’re right there, massive Chinese developments both announced in December 2024. Reportedly, the Tianyan-504 surpasses 500 qubits, on par with IBM’s latest developments. And reportedly, Zuchongzhi 3.0 breaks Google’s earlier Sycamore by all key metrics. Why can’t we find any article produced by any reputable financial sources, that discuss the significance of these achievements? There is essentially zero market news about it. China is right behind the USA in quantum computing research, and the market has no fucking clue.

I cannot share images on r/investing. You can refer to my profile for further analysis of specific stocks.

Check out D-Wave stock prices, for example. Given a large part of their business model relies in part on how they contribute to research in the field, they should be negatively impacted by major research developments in competing economies. Google’s Willow breakthrough rallied quantum computing stocks and Nvidia’s CEO pushed them back down. However, their stock prices did not move on 6/12 and 16/12 (corresponding with news releases of China's developments), suggesting that China’s developments have had no impact.

How about Quantum Computing Inc (QUBT)? It tells a similar story. Their focus is on fabrication of photonic quantum computing components – and again, providing researchers access to quantum computing technology. It looks like Google’s Willow breakthrough rallied stocks, and Nvidia’s CEO pushed them back down. Again, China’s developments have had zero impact.

How about IBM? News about Google’s Willow pushed their price down some 3%, which makes good sense. Willow’s performace blew that of IBM’s September R2 Heron processor out of the water. Willow is a competitor, but IBM’s position in the market means they are diversified in so much more than just quantum computing. A small bearish reaction makes perfect sense. So when Tianyan-504 reportedly challenged IBM's benchmarks just three days before Willow did, why didn’t the stock price move?

You can look at SkyWater Technologies (SKYT), and at Global Foundries (GFS), and Rigetti (RGTI), Alphabet (GOOGL), Intel (INTC), TSM (TSM), Keysight Technologies (KEYS), and Advanced Micro Devices (AMD). Every one of these key companies relevant to advancing quantum computing in the Western World have one thing in common. When China announces their developments, the markets appear to stay still.

There are three possible reasons for this that I have come up with. There may be other reasons as well that I am not aware of, in which case I encourage you to enlighten me.

The first possible reason is as above: The market is generally not aware. It is likely that some players in the market are aware, and this is a simple piece of information that such players will be taking advantage of – they do not have incentive to highlight this knowledge. Furthermore, the market may be uniquely slow to react. Unlike DeepSeek, which we can physically interact with, breaking records in quantum computing research is less tangible, less sensational. Breaking news, markets are irrational.

The second possible reason is simple: China may be lying. I can not find any evidence to support this idea, and China’s past claims about quantum computing, such as those about [Jiuzhang](https://asiatimes.com/2023/10/china-unveils-faster-light-based-quantum-computer/), have been demonstrably true.

The third possible reason is that China’s quantum computers are not as technically advanced as they sound. Originally I wanted to follow with a full technical discussion about the recent history of Chinese Quantum computing, and the merits of Tianyan-504 and Zuchongzhi 3.0 in comparison to western quantum computing efforts. But since I am not a subject matter expert, and I do not have the time to write in full depth. But I will provide a bit more technical information, summarise and provide references to the academic research for relevant breakthrough technologies, so you can read for yourself.

China is fighting to lead the global race in quantum computing, and [the Chinese government has been investing tens of billions of dollars into quantum computing research](https://thequantuminsider.com/2023/04/13/chinese-quantum-companies-and-national-strategy-2023/), alongside the investments of Chinese institutions and corporations.

In 2020 [Jiuzhang, developed at the University of Science and Technology of China (USTC), was the second quantum computer in the world to achieve quantum supremacy](https://asiatimes.com/2023/10/china-unveils-faster-light-based-quantum-computer/), and the first photonic quantum computer to do so. Since then, the university has gone on to create further models of Jiuzhang, and develop chips with greater qubit lifetime and fidelity.

In April 2024, The Center for Excellence in Quantum Information and Quantum Physics developed their [Xiaohong superconducting chip](https://english.news.cn/20240425/a95b3c190a59486886f4cddc0def31cd/c.html), their most advanced to date, anticipated to reach the chip performance levels of main international cloud-enabled quantum computing platforms such as IBM’s Heron in key performance metrics including qubit lifetime (how long a qubit can hold its quantum state) and readout fidelity (accuracy in extracting information from qubits). I note the market did not appear to react to the Xiaohong chip either.

On the 13^(th) of November 2024,[ IBM announced their Quantum Heron R2](https://www.ibm.com/quantum/blog/qdc-2024), achieving their goal of running quantum circuits with up to 5,000 two-qubit gates, demonstrating advancements in in qubit lifetime and readout fidelity.

On the 6^(th) of December 2024, [Tianyan-504 was announced](https://english.cas.cn/newsroom/cas_media/202412/t20241206_893281.shtml), developed by China Telecom Quantum Group (CTQG) in partnership with the Chinese Academy of Sciences and QuantumCTek Co., Ltd., and, built on the Xiaohong chips. China is now the only country to achieve quantum computational advantage through both photonics and superconducting quantum computing technologies. This quantum computer will be incorporated into their quantum computing cloud platform, and made available for researcher purposes.

On the 9^(th) of December, [Google’s Willow was announced](https://blog.google/technology/research/google-willow-quantum-chip/). What makes Willow exceptional, is that it provides a breakthrough solution to quantum computing’s fidelity issue. It exponentially reduces the amount of error while adding more qubits. Presumably Willow can now be scaled further, and I expect to see further developments with adding more qubits now that this challenge has been solved.

Two weeks later, on the 16^(th) of December 2024, an entirely separate research team with the China Telecom Quantum Group (CTQG) in partnership with the Chinese Academy of Sciences and QuantumCTek Co., Ltd. [announced their Zuchongzhi 3.0](https://arxiv.org/html/2412.11924v1#S1). This superconducting quantum computer makes numerous advancements, and demonstrates quantum advantage through speed. It crushes benchmarks set by Google’s older Sycamore - “Compared to Google’s latest experiment, SYC-67 and SYC-70  the classical simulation cost of our 83-qubit, 32-cycle experiment is six orders of magnitude higher.” Though Zuchongzhi 3.0 does not demonstrate the error correction capability that Willow does, their creators have commented that they believe they can replicate the same techniques in a matter of months.

Quantum computing is still twenty years away from being relevant, they say. That gives lots of time for China to catch up. And from what I can understand, China is just one breakthrough away. There are other questions, such as China’s chip manufacturing capabilities, supply chains for components, that I am unable to find good information on. The US is doing what they can politically, through trade regulation, and restricting financial investment in China’s technologies. China already has the [lead in quantum communications, and potentially in quantum sensing](https://itif.org/publications/2024/09/09/how-innovative-is-china-in-quantum/). But China holds one massive advantage: it’s regime. In contrast to the American model, where corporations closely guard their own secrets from eachother, [China is claims they invest 15 billion of dollars into coordinated, cohesive research.](https://itif.org/publications/2024/09/09/how-innovative-is-china-in-quantum/) And it is showing in their results.

Each advancement that China makes in developing its quantum computing capability, ought to remind the market that there is a risk that the lead the US enjoys in quantum computing is being threatened. But look at those google search results again. Outside of technical circles, the western media simply hasn't picked it up. Look at what happened with DeepSeek. I think the markets just don't know. Investors are already anxious about their investments in quantum computing, and are starting to demand returns. Manufacturers are reluctant to scale component production, given the low demand and potential for volatility. So when the market does find out about China’s achievements in quantum computing, what's going to happen?

Let me know what you think.",kaurib,2025-01-31 04:34:22,0,8,https://www.reddit.com/r/investing/comments/1idvca4/what_is_going_on_with_chinas_recent_developments/
Alphabet,1httxor,Getting that $1400 Covid stimulus and investing it for kids in AI,"Hi everyone! I'm one of the lucky ones who is getting $1400 for each of my kids from old covid money. I am starting a custodial account for each kid and I asked ChatGPT to give me an investment plan for each of them. What do you think?

Nvidia 30%

AMD 20%

Alphabet 20%

Microsoft 15%

Palantir 10%

UiPath 5%

Optional - Reduce Microsoft and Nvidia and buy:

Tesla 5%

[C3.ai](http://C3.ai) 5%



",RedParrot94,2025-01-05 10:19:01,0,6,https://www.reddit.com/r/investing/comments/1httxor/getting_that_1400_covid_stimulus_and_investing_it/
Alphabet,1ho85y6,Opinion from group to buy these symbols,"I want to invest in each of these companies but would rather down size it for now and just select a few.   So what do you all think.  The amount to invest is $3650, maybe 1200 in 3 or weighted in 3 according to expected growth. 

I'm thinking NVID TFC and Palo Alto but i wouldn't ask if i was sure of that.  

TFC Truist Financial

ETR Entergy Corp

NVDA Nvidia

IBM International business machines

PANW Palo Alto Netwworks

FTNT Fortinet

GOOG Alphabet Inc",denisdjdss,2024-12-29 00:40:54,3,2,https://www.reddit.com/r/investing/comments/1ho85y6/opinion_from_group_to_buy_these_symbols/
Alphabet,1hhs5ru,Any consensus on the best way for non-accredited to invest in SpaceX?,"Non-accredited investor trying to invest $50-100k USD. 

I’ve read a few posts on the sub like [this one last month](https://old.reddit.com/r/investing/comments/1gv93zh/friend_just_invested_in_spacex_via_an_spv_im_not/) on how *not* to do it. Have also seen some posts about piggybacking on google/alphabet and some other 2nd party institutions like Microventure, EquityZen and a few others. Just wanted to know if there was any conclusion on the best way a sub 200k investment can be made. 

Many thanks",xfjqvyks,2024-12-19 21:48:33,0,23,https://www.reddit.com/r/investing/comments/1hhs5ru/any_consensus_on_the_best_way_for_nonaccredited/
Alphabet,1hfjvh8,2.5 year follow-up on buying the dip on pandemic stocks,"I bought the dip on several 'pandemic stocks' that had significant declines (70%+) in 2022 and started sharing public updates 1-2 times a year.

In Q3 2023 I began reallocating into AI-related stocks when I developed strong conviction. I'm also working on a self-funded AI startup, which keeps me in the loop on AI.

Returns have been strong and continue to give me the runway to work on my startup and support my family after leaving my corporate tech job. There's more context in my previous updates linked below.

**Previous updates:**

* [1 year follow-up on buying the dip on pandemic stocks](https://www.reddit.com/r/investing/comments/147v53k/1_year_followup_on_buying_the_dip_on_pandemic/)
* [1.5 year follow-up on buying the dip on pandemic stocks](https://www.reddit.com/r/investing/comments/17mzc07/15_year_followup_on_buying_the_dip_on_pandemic/)
* [2 year follow-up on buying the dip on pandemic stocks](https://www.reddit.com/r/investing/comments/1d758m7/2_year_followup_on_buying_the_dip_on_pandemic/)

# Progress updates

Below are the returns for this portfolio (opened in 2022) as of December 2024.

# Realized (sold) in 2023

* **Affirm (AFRM):** \+18.09%
* **Allbirds (BIRD):** \+6.89%
* **Coinbase (COIN):** \+6.42%
* **Carvana (CVNA):** \+845.57%
* **Meta (META):** \+256.36%
* **Cloudflare (NET):** \+50.67%
* **Netflix (NFLX):** \+122.39%
* **Peloton (PTON):** \-71.51%
* **Roblox (RBLX):** \+25.57%
* **Shopify (SHOP):** \+51.27%
* **Snapchat (SNAP):** \-1.99%
* **Unity (U):** \+27.57%

See the [previous update](https://www.reddit.com/r/investing/comments/1d758m7/2_year_followup_on_buying_the_dip_on_pandemic/) for comments.

# Realized (sold) in 2024

* **Advanced Micro Devices (AMD):** \-18.69% (\*)
* **Amazon (AMZN):** \+97.41%
* **Alphabet/Google (GOOGL):** \+75.05%
* **Apple (AAPL):** \+8.77% (\*)
* **ARM (ARM):** \+10.52% (\*)
* **ASML (ASML):** \-7.40% (\*)
* **Intel (INTC):** \-20.12% (\*)
* **Microsoft (MSFT):** \+4.53% (\*)
* **Netflix (NFLX):** \+361.74%
* **Palantir (PLTR):** \+65.72% (\*)
* **Roblox (RBLX):** \+42.66%
* **Shopify (SHOP):** \+86.96%
* **Snowflake (SNOW):** \+51.57%
* **Super Micro Computer (SMCI):** \+14.48% (\*)
* **Taiwan Semiconductor (TSM):** \+103.19%
* **Tesla (TSLA):** \+92.16% (\*)
* **Unity (U):** \-8.73%

(*\*) Short term capital gain/loss held for <1yr*

I held several companies (\*) for a short time to spread out my AI bets, but some of the increasingly high P/E ratios concerned me (PLTR, TSLA, etc.).

So, I sold them and purchased more NVIDIA. This approach is considered risky, but I have strong conviction in their relative valuation, defensibility, and long-term prospects.

In this case I believe that 'diversification' among AI stocks would do more to dilute my returns than mitigate my risks. Particularly because they're all highly correlated and despite its market cap, Nvidia has the most reasonable valuation all things considered. We'll see if the bet pays off.

To clarify, I am confident in the long-term prospects of Palantir, Tesla, and others, but I'm just not comfortable with the valuations. I may reassess in the future when I have new information or valuations change.

Meta is the only other stock I held onto, given my bullish view on their AI and hardware strategy combined with their attractive valuation.

# Unrealized (current investments)

* **Meta (META):** \+367.97%
* **Nvidia (NVDA):** \+117.05%

Nvidia's performance here is understated since I recently increased my holdings, but it's up \~200% since I initially purchased it last year after dithering for months.

These returns are less impactful without the values or relative weights, but I’d like to maintain some anonymity around it.

# Rate of return (IRR)

My annual return (IRR) for this portfolio (Jun 2022 to Dec 2024) is **73.6%**.

# Investment thesis

See a summary of my investment thesis in a [previous update](https://www.reddit.com/r/investing/comments/17mzc07/15_year_followup_on_buying_the_dip_on_pandemic/). **TL;DR:**

>“…AI is another secular trend like PCs (Windows, Mac), the internet (browsers, search, social) and mobile (iOS, Android, wearables). The difference is that new technology like AI can now spread faster than ever before and get used in new ways. Every new epoch uniquely benefits from the past, potentially bending the growth curve in new ways.

>The other difference is that Nvidia has a monopoly position on the core technology driving this innovation. Therefore, the \~350% run up over the last 12 months doesn’t make NVIDIA the stock of the last year, but rather it’s the stock of the next decade. The recent 3X gain will be a blip compared to what’s coming thanks to NVIDIA’s CUDA (moat), among [other things](https://stratechery.com/2023/nvidia-on-the-mountaintop/).”

>\- [1.5 year follow-up on buying the dip on pandemic stocks](https://www.reddit.com/r/investing/comments/17mzc07/15_year_followup_on_buying_the_dip_on_pandemic/), Nov. 2023

# Nvidia's dominance

I'm still working through my thoughts here, but my strong conviction around Nvidia comes in part from these observations:

* Nvidia is [founder-led](https://www.amazon.com/Nvidia-Way-Jensen-Huang-Making/dp/1324086718/) and focuses on accelerated computing while remaining broad enough to allow for innovation and insight across industries where it can apply its core competencies.
* It's unprecedented to have such dominance in such a fast-growing, valuable industry while maintaining such a long-term sustainable advantage.
* This advantage is due to unreasonable investments (research, hardware, software, ecosystem, relationships) over decades, making it hard to copy.
* AI will consistently make software easier to create, thus reducing the moats of software companies and make them less attractive than hardware companies (for now).
* Despite their impressive growth, Nvidia is still supply constrained, which is fundamentally easier to predict than demand constraints.

# We still underestimate the AI opportunity

Most importantly, we’ve barely scratched the surface of AI’s opportunities and benefits. Even the most ambitious targets underestimate it because the better and cheaper AI gets, the more use cases we'll find.

We have a habit of confusing the limits of our imagination with the limits of reality. Our imaginations are trained on what happened before, but there has never been anything like this before.

# Final thoughts

I'm still well within the '*maybe I'm just lucky*' phase since it's only been a couple years. Towards the end of [my last update](https://www.reddit.com/r/investing/comments/1d758m7/2_year_followup_on_buying_the_dip_on_pandemic/) I also shared a few ways my investment approach has changed, which I’m still benefiting from.

I expect my next update to be the 3-year update in mid 2025.

**UPDATE:** Thanks for mentioning I should have included indexes for benchmark context. Indexes like QQQ and S&P 500 also had good returns during the same period (June 2022 - Dec 2024). For an apples to apples comparison, the IRR of QQQ and S&P 500 respectively during this period were \~24% and \~16%.",gabe736,2024-12-16 23:08:16,834,182,https://www.reddit.com/r/investing/comments/1hfjvh8/25_year_followup_on_buying_the_dip_on_pandemic/
Alphabet,1hf1xmr,Barron's 2025 10 Stock Picks,"How do we feel about [Barron's 2025 10 Stock Picks](https://archive.ph/3Ubd1)?

* Alibaba (BABA)
* Alphabet (GOOG)
* ASML (ASML)
* Berkshire Hathaway (BRK-B)
* Citigroup (C)
* Everest Group (EG)
* LVMH (LVMUY)
* Moderna (MRNA)
* Schlumberger (SLB)
* Uber Technologies (UBER)

Last year's [stock picks](https://www.barrons.com/visual-stories/stock-picks-2024-b528277d) do have some overlap (BABA, GOOG, BRK-B), but I took his advice on MSGS and it's served me well. Long term hold, and still is [good value](https://archive.ph/6VDb1) given relative market sale prices.

Alibaba is looking dirt cheap as China's leading ecommerce/cloud company, but Chinese markets are risky and I'm already a long-term bagholder. I like the ASML, BRK, EG, MRNA, SLB and UBER picks though. I probably open up some small positions in ASML, BRK-B, MNA and UBER on Monday. Your thoughts?",moutonbleu,2024-12-16 05:46:18,73,39,https://www.reddit.com/r/investing/comments/1hf1xmr/barrons_2025_10_stock_picks/
Alphabet,1hdhscd,Stock Market:Opinion up or down?,"I was listening to Josh Brown in cnbc - he brought up a good point.  As Tesla goes up and robo taxis get closer to reality, Uber seems to be dropping with the Tesla increase.  Or if Waymo goes up for Alphabet, then uber drops….   Waymo and Tesla have both Partnered with Uber… uber has plenty of costumers, there issue is not enough capacity.   Shouldn’t Uber be going up?  Is this the contrarian play for 2025?  Uber 100!",Dagobot78,2024-12-14 02:46:07,0,5,https://www.reddit.com/r/investing/comments/1hdhscd/stock_marketopinion_up_or_down/
Alphabet,1h9oz25,Portfolio allocation talk,"Hello all, after months of my own research I've made a portolio. I want to preface this by saying this is not a post looking for advice. I am just wanting to tell you all the investments I've made and the reasons behind them. Also, there is some overlap between my individual picks and my ETF picks. I know.

**First, the foundation**

Like any smart investor you need a solid base. Something that will grow steadily and won't make you want to sell out when there is an inevitable market crash. This is why for my first pie, I have gone with 80% VUAG and 20% IGLA.

**Tech Focus**

People may say that my portfolio is too heavily weighted towards the USA and tech, I think the tech giants like Apple etc are not going anywhere. So my allocations are as follows,

Amazon- Moving into the AI space with Nova, Revenue growing steadily YOY.

Microsoft- Almost in the 'too big to fail' category. Not going anywhere and an easy choice IMO.

Alphabet- Recovered well and quickly after 2022 crash. Massive AI player. Easy choice

Apple- Still most popular in the Phone space. Can only see this stock going one way.

Meta- Absolutely flying in recent years. Hopeful Zuck will keep it up.

ASML- Riskier pick but believe they will have a good year next year. Looking 4-5 years into the future with this one.

Nvidia- Don't think I need to say too much with this choice. Looking long term, very excited about this one.

IonQ- Main player in quantum computing space, looking at some volatile years upcoming but I have faith that they could be huge in 5+ years.

**Consumer Focus**

Costco wholesale- Almost unshakeable business model, no strong competition IMO.

Pets at home- Smaller allocation for this one. Seems undervalued to me as people are always going to treat their pets. Will keep tabs on this one as still unsure.

Procter and Gamble- Been around for a million years. Very stable with dividend growth YOY.

Walmart- Consumer powerhouse in USA, strong financials and IMO not going anywhere,#

**Finance Focus**

Berkshire Hathaway- Trust in Buffett, no pressure from short term market trends.

Intuit- Dividend growth YOY, in an incredible place financially.

JP Morgan and Chase- In the 'too big to fail' category in my opinion. Involved in so many industries so not dependent on one for revenue.

MasterCard- Very able to adapt to the market, only risk is inflation IMO.

PayPal- After share price crash in 2022. Revenues didn't faulter and net income bounced back within the year. Undervalued IMO.

S&P Global- Adapting well to new tech such as AI. Been around forever.

**Real Estate Focus**

Realty income- Unshaken by the market crashes in past 20 years. Dividend Growth YOY.

VICI properties- Predictable revenue due to triple net leases. In a strong financial postion.

I think I have a good mix of sectors and stability/growth. I am not looking for advice but will take onboard any criticism.

Thanks all.",Intelligent-Leg-3862,2024-12-09 03:16:40,7,14,https://www.reddit.com/r/investing/comments/1h9oz25/portfolio_allocation_talk/
Alphabet,1gyxypj,How are you thinking about your portfolio given the outcome of the 2024 US Election?,"As the new Trump administration takes office in 2025, we will all grapple with a rapidly evolving economic landscape. The anticipated policies promise significant shifts reminiscent of Hungary's economic transformation.   Please let me know if you agree or disagree with any of the picks below...

# Understanding the Policy Shifts

**1. Economic Nationalism and Protectionism**

The administration's ""America First"" agenda is expected to:

* **Increase Tariffs on Imports**: Tariffs could rise by 10-25%, mainly targeting Chinese goods. This move aims to protect domestic industries but may lead to higher consumer prices.
* **Promote Onshoring**: Incentives for companies to relocate manufacturing to the U.S. could include tax breaks and subsidies.

**Impact Analysis:**

* **Beneficiaries**: Domestic manufacturers like **Caterpillar Inc. (NYSE: CAT)** and **3M Company (NYSE: MMM)** could see increased demand due to reduced competition from imports.
* **Potential Losers**: Companies reliant on imported materials or global supply chains like **Apple** may face higher production costs and supply-chain disruptions.

**2. Deregulation and Tax Cuts**

Anticipated measures include:

* **Corporate Tax Reductions**: Lowering the rate from 21% to 15% could significantly boost net earnings.
* **Deregulation Efforts**: Especially in energy and finance, rolling back regulations like Dodd-Frank could reshape industry operations.

**Impact Analysis:**

* **Financial Sector Gains**: Banks like **JPMorgan Chase** and **Goldman Sachs** might experience increased profitability due to relaxed lending regulations and lower taxes.
* **Energy Sector Surge**: Traditional oil and gas companies like **Exxon Mobil Corporation** and **Chevron Corporation** could benefit from reduced environmental regulations and expanded drilling rights.

**3. Increased Government Intervention**

Potential actions:

* **Sector-Specific Policies**: Favoring industries aligned with national priorities, possibly leading to subsidies for sectors like defense and infrastructure.
* **Unpredictable Regulatory Changes**: Sudden policy shifts could affect long-term planning and investment.

**Impact Analysis:**

* **Defense Contractors Advantage**: Companies like **Lockheed Martin** and **Northrop Grumman** may secure lucrative government contracts amid increased defense spending.
* **Risk of Cronyism**: Firms with close ties to the administration could outperform, while others may struggle to compete.

# What Lessons Can We Learn from Hungary Under Viktor Orbán

* **Nationalization and Heavy Taxation**: Foreign companies faced significant taxes, reducing foreign investment.
* **Favoritism Towards Domestic Firms**: Companies aligned with government objectives received advantages, distorting competition.
* **Market Volatility**: Unpredictable policies led to investor uncertainty and capital flight.

**Application to the U.S. Context:**

* **Regulatory Risk**: Investors should be wary of sudden policy changes that could impact sectors like technology and healthcare.
* **Importance of Government Relations**: Companies investing in government lobbying and aligning with national priorities may fare better.

# Sector-Specific Investment Opportunities and Risks

**1. Sectors Poised for Growth**

* **Energy Sector**
   * *Analysis*: With deregulation and a focus on energy independence, traditional energy companies will likely expand operations.
   * *Investment Picks*: Consider **Halliburton** for oilfield services and **Phillips 66** for refining and midstream operations.
   * *Commodities Impact*: Expect a potential rise in crude oil prices due to increased domestic demand, making investments in oil futures or ETFs like the **United States Oil Fund LP (NYSEARCA: USO)** attractive.
* **Financial Services**
   * *Analysis*: Deregulation could lead to increased lending and investment banking activities.
   * *Investment Picks*: Regional banks like **(NYSE: PNC)** may benefit from economic growth and deregulation.
* **Defense and Infrastructure**
   * *Analysis*: Increased government spending in defense and infrastructure projects.
   * *Investment Picks*: Infrastructure companies like **(NYSE: VMC)** and **Martin Marietta Materials, Inc. (NYSE: MLM)** could see increased demand for construction materials.

**2. Sectors Facing Headwinds**

* **Healthcare and Pharmaceuticals**
   * *Analysis*: Potential reforms aiming to reduce drug prices could squeeze profit margins.
   * *Investment Risks*: Companies like **Pfizer** and **Merck** may face pricing pressures.
   * *Considerations*: Biotech firms focusing on innovative treatments may be less impacted.
* **Renewable Energy**
   * *Analysis*: A shift away from climate initiatives could reduce subsidies and support for renewable energy projects.
   * *Investment Risks*: Companies like **First Solar, Inc. (NASDAQ: FSLR)** and **NextEra Energy, Inc. (NYSE: NEE)** might experience slowed growth.
   * *Commodities Impact*: Potential decrease in demand for renewable energy commodities like lithium and rare earth elements.
* **Technology and Multinationals**
   * *Analysis*: Tariffs and trade barriers could disrupt global supply chains.
   * *Investment Risks*: Tech giants like **Microsoft** and **Alphabet** might face international market challenges.

# Navigating Market Volatility

**Strategies to Mitigate Risks:**

* **Defensive Stocks**: Consider utilities and consumer staples companies like **The Procter & Gamble Company (NYSE: PG)** and **Duke Energy Corporation (NYSE: DUK)**, which tend to be more stable during market fluctuations.
* **Gold and Precious Metals**: Historically seen as a haven, investing in gold through **SPDR Gold Shares (NYSEARCA: GLD)** or mining companies like **Barrick Gold Corporation (NYSE: GOLD)** can hedge against volatility.

# Exploring International Investment Opportunities

**Emerging Markets Resilience:**

* **India**
   * *Analysis*: With a domestic solid growth trajectory, India is less exposed to U.S. policy changes.
   * *Investment Picks*: **HDFC Bank Limited (NYSE: HDB)** offers exposure to India's growing middle class.
* **Taiwan and South Korea**
   * *Analysis*: Key semiconductor and AI supply chain players are potentially insulated from U.S.-China trade tensions.
   * *Investment Picks*: **Samsung Electronics Co., Ltd**.

**Other Potential Diversification Plays:**

* **International ETFs**: Investing in funds like **iShares MSCI Emerging Markets ETF (NYSEARCA: EEM)** provides broad exposure to emerging markets.
* **Commodities**: Diversifying with commodities like copper and nickel, essential for global infrastructure and technology, can capitalize on international demand.",DC_cyber,2024-11-25 03:36:08,0,20,https://www.reddit.com/r/investing/comments/1gyxypj/how_are_you_thinking_about_your_portfolio_given/
Alphabet,1g605oh,Alphabet (GOOG) or Amazon (AMZN),I'm considering investing in tech stocks but can't decide between Google (Alphabet) and Amazon. I know both haven't been growing as much as the other tech stocks very recently and both look like good buys. I am curious what people in this subreddit think about this.,SnazzyBacon808,2024-10-18 05:10:25,0,20,https://www.reddit.com/r/investing/comments/1g605oh/alphabet_goog_or_amazon_amzn/
Alphabet,1esbo8q,Are Data center stocks set to take off? ,"I note Amazon recently announced $150B investment in their data centers. 
Microsoft seems to also have a large investment in data centers.
Nvidia seems to not only have 310 data center globally but they ship the GPU graphics chips to data center and seem to have a monopoly. From Google AI. 

""Yes, Nvidia is invested in data centers. In 2023, Nvidia shipped 3.76 million graphics processing units (GPUs) to data centers, which is a 98% market share. This gives Nvidia a monopoly on the GPUs that power decision-making in AI-accelerated data centers. Nvidia also has over 310 data centers across 25 countries, and partners with companies like Digital Realty, Equinix, and Flexential.""

If you had disposable funds for investing what would you invest in to capture future data center potential growth opportunities? 
Other than ETFS.
Is it really Amazon, Msft, Google (alphabet) and nvidia that are the players here? ",Floridaavacado74,2024-08-15 05:22:09,19,26,https://www.reddit.com/r/investing/comments/1esbo8q/are_data_center_stocks_set_to_take_off/
Alphabet,1enjl8t,Has the stock market bifurcated into old fashioned value stocks and bandwagon high-growth stocks? Is a traditional stock market still lurking inside value funds and equal-weight funds?,"Specifically:

* Long term SP500 PE and CAPE are about 17.  $17 bought you $1 of corporate earnings.

* current SP500 PE is 27 (CAPE is 34).   Market is overpriced by 100% if you believe in CAPE.

* current QQQ PE is 36.5, even pricier.

* RSP (Invesco *Equal Weighted* SP500) has a fairly reasonable PE=21.   Essentially, it's no longer pulled up by huge contributions from NVDA, Apple, Alphabet, etc.   RSP hasn't grown much since the start of 2021.   

* yet in the dividend/value department, SCHD has PE=15.22 (if you believe Yahoo finance).  VYM has PE=16.5.   VYMY has PE=9.6.   These are all 'fairly' priced by historical standards.

I'm not sure I understand the low PE for SCHD and VYM on Yahoo finance, because a glance at the top-10 holdings of SCHD and VYM generally shows higher PE.  The top low PE components are oil majors.  But Schwab has a similar PE figure as Yahoo.    Maybe the low-PE stocks lurk in non-top holdings.

So, questions: 

If I were go back 20 or 30 or 50 years, would value stocks also have been be trading at PEs much lower than the market as a whole?   So whatever the equivalent of SCHD was would be trading at PE=10, say?    Or would value stocks have been trading at PE=16, and the dominance of a handful very high PE, high market cap stocks is a modern anomaly?

Equal-weight SP500 RSP always yielded less than SP500, but the  difference was [modest until 2019 or so](https://www.invesco.com/us-rest/contentdetail?contentId=e3fc7c23dbd92610VgnVCM1000006e36b50aRCRD&dnsName=us).   And in 2022 they almost re-converged, so SP500 took a hit but RSP held steady.    So it looks to me like the total domination of big tech is relatively recent.

Is there a traditional stock market lurking inside the value segment, or even the equal weighted segment?    I mean a market where you pay for 1/PE expected real returns, rather than being driven up by a few unicorns.",VeryStableGenius,2024-08-09 07:41:06,2,11,https://www.reddit.com/r/investing/comments/1enjl8t/has_the_stock_market_bifurcated_into_old/
Alphabet,1eb45p3,Why is Microsoft stock Falling ,"Why did it plummet after rising yesterday?

Does anyone know the primary reason? 

I also thought Google earnings were positive, so why did alphabet fall so much lol

I know all tech stocks are having issues, but is this just a herd mentality thing or is there a specific reason for the peak and sudden drop again 


",BananaaCatt,2024-07-25 00:22:20,0,61,https://www.reddit.com/r/investing/comments/1eb45p3/why_is_microsoft_stock_falling/
Alphabet,1ea9skq,Google Q2 Earnings Preview: Three things are worth paying attention to,"Alphabet will release second-quarter financial results after the market closes on Tuesday, revealing the magnificent 7 earnings season. Here are 3 things that should be scrutinized:

**First: the growth in Alphabet's spending and capital investment for AI.** Google needs to show that AI is driving Google Cloud growth, that there are no share losses in Search as users start leaning more on AI chat, and that the new models being built are competitive.

**Second: the company's guidance on adv sales growth in the second half year.** Media investment firm GroupM raised its 2024 global advertising growth forecast to 7.8% in June, from 5.3% in December, primarily on account of better-than-expected spending in China and the United States.

Analysts also expect strong performance at YouTube, thanks in part to expanded monetization features in its TikTok-styled video offering, Shorts.

**Third: Any progress in monetizing AI cloud services** (that is, will customers pay up for the company's AI offerings). The company could provide updates on projects like its AI assistants, Gemini Live and Project Astra, which could help compete with OpenAI. It may offer insights into how AI Overview is affecting Google Search. 

Google will infuse artificial intelligence into the U.S. broadcast of the Paris Olympics, allowing sports commentators to use AI to explain competitions.",BobbyFuckkingAxelrod,2024-07-23 23:52:21,12,9,https://www.reddit.com/r/investing/comments/1ea9skq/google_q2_earnings_preview_three_things_are_worth/
Alphabet,1dwgkms,Recommended app for someone new,"What would be a good app for someone new who wants to start investing? 

As a 23yo, after paying rent and bills, I would have $1000 left. I am planning to invest 400 of that in S&P500, 400 in classic high value stocks like Apple, Alphabet, Tesla, Meta, and play around with the $200 to make short term profit. 

I am new, does my strategy sound bad? Which app should I be using? ",tnbeastzy,2024-07-06 12:45:57,0,29,https://www.reddit.com/r/investing/comments/1dwgkms/recommended_app_for_someone_new/
Alphabet,1d758m7,2 year follow-up on buying the dip on pandemic stocks,"For context, I planned on holding the original stocks for a few years, but ended up parlaying into AI when I developed strong conviction.

In previous posts, I shared more about the ‘why’ behind the investment decisions and reallocation. The previous 1 year update is here: [https://www.reddit.com/r/investing/comments/147v53k/1\_year\_followup\_on\_buying\_the\_dip\_on\_pandemic/](https://www.reddit.com/r/investing/comments/147v53k/1_year_followup_on_buying_the_dip_on_pandemic/) Interestingly, the stock I lamented missing the run up on (Nvidia) is now by biggest holding and one of my best performers.

# Tracking progress

Below are the gains for this portfolio (opened in 2022) as of May 31, 2024. 

# Realized (sold)

**2023 Totals**

* **Affirm (AFRM):** +18.09%
* **Allbirds (BIRD):** +6.89%
* **Coinbase (COIN):** +6.42%
* **Carvana (CVNA):** +845.57%
* **Meta (META):** +256.36%
* **Cloudflare (NET):** +50.67%
* **Netflix (NFLX):** +122.39%
* **Peloton (PTON):** -71.51%
* **Roblox (RBLX):** +25.57%
* **Shopify (SHOP):** +51.27%
* **Snapchat (SNAP):** -1.99%
* **Unity (U):** +27.57%

All realized gains/losses were long-term (capital gains rate) except Carvana (CVNA) and Allbirds (BIRD). 

Peloton was a big loser and the only one I almost immediately regretted, but it was a relatively small investment that was more than offset by others. 

**2024 YTD**

* **Roblox (RBLX):** +42.66%
* **Snowflake (SNOW):** +51.57%
* **Unity (U):** -8.73%

# Unrealized (current investments)

* **Amazon (AMZN):** +75.50%
* **Alphabet/Google (GOOGL):** +81.73%
* **Meta (META):** +367.97%
* **Netflix (NFLX):** +229.81%
* **Nvidia (NVDA):** +117.05%
* **Shopify (SHOP):** +46.37%
* **Taiwan Semiconductor (TSM):** +60.76%

**Purchased in the last week/month**

I had extra cash, so I purchased small amounts of these in the last week or so: 

* **Advanced Micro Devices (AMD):** -2.98%
* **ARM (ARM):** -1.88%
* **Intel (INTC):** -1.42%
* **Microsoft (MSFT):** +2.32%
* **Tesla (TSLA):** -0.54%

I know these are all less impactful without the values or relative weights, but I’d like to maintain some anonymity around it. 

# Rate of return

The total rate of return since inception (June 2022 to May 2024) is **77.90%**. 

# 3 ways my investing evolved

I’m still well within the ‘maybe I’m just lucky’ phase since it’s only been a couple years, but I’ve noticed I invest differently now than I have in the past: 

1. Insight 
2. Conviction 
3. Patience

**Insight**

I’ve learned to largely ignore headlines and talking heads, which seem more reactionary than insightful and optimizing for entertainment (clicks/views). 

Ben Graham’s quote rings true: 

>“In the short run, the market is a voting machine but in the long run, it is a weighing machine.”

Perhaps counterintuitively, I’ve found it more useful to read/listen to tech/business analysts who focus on strategy and how that interacts with macro trends (along with financials) than solely financial analysts and stock pickers. 

Financials are a good indicator of fundamentals, but are backward-looking. However, valuation is forward-looking, thus driven by strategy x trends x structural advantages, so we must consider both. 

# Math

In 2023 I also started practicing math daily (243 days straight as of this morning) in order to better understand the mathematics behind AI. As part of that, I had to take remedial coursework to build my foundations since it had been so long since I’d done any meaningful math. 

I’m not sure how much, but it *feels* like it helped with the reallocation decisions I made in late 2023 and early 2024. I felt more confident and deliberate in making trades. The math journey has been quite challenging, but personally rewarding, whether it has helped or not. 

**Conviction**

A big part of this is just a better understanding of myself and what kind of investor I am. I invest in what I believe in long-term. 

However, someone trading on volatility with a much shorter timeline may not care about conviction. You must understand what investment philosophy aligns with your psychology and your strengths. 

Conviction investing works for me because, even when building products (my day job), I’ve always been strong with product vision/strategy and always building for the future, so it makes sense that I invest the same way. I’m not sure why it took me so long to connect those dots, but I’m happy I did. 

A big part of this is also timing. AI seems to be a once-in-a-generation opportunity. Whereas 5 years ago I might have tried to force myself to believe crypto was the next big thing in the absence of anything substantial. 

This is another reminder that success (in investing or otherwise) is all about timing and opportunity. When opportunities arise, you must seize them.

**Patience**

As a result of my convictions, I’m much more patient in my investing these days and don’t react to the day-to-day. 

I wouldn’t be surprised if I don’t make another trade for the rest of 2024.

**UPDATE:**

A commenter asked about benchmarks, which I failed to include since I don't pay attention to them, so I had to look it up:

I opened my portfolio in June 2022. Since then the cumulative S&P return is \~28% (\~39% for Nasdaq). My cumulative return for that same period is around \~215%. The annual rate of return (per my Vanguard dashboard) is 77.9% as mentioned in the original post. I would expect my returns to revert to the mean over time.",gabe736,2024-06-03 23:04:35,111,52,https://www.reddit.com/r/investing/comments/1d758m7/2_year_followup_on_buying_the_dip_on_pandemic/
Alphabet,1cidxuk,What should I do with these stocks?,"At the moment I have stocks in Amazon, Nvidia, Rheinmetall, Alphabet, Tesla and msci etf.

I have earned some good margins in all (except the etf at the moment). Anyway, regarding the others who gave good margins, what does one do when this happens? Should I cash out now that they’re high thinking “yeah maybe they’ll go down” or should I hold them? And if one has to hold them, until when?

Thanks.",NegroniSpritz,2024-05-02 21:03:35,0,14,https://www.reddit.com/r/investing/comments/1cidxuk/what_should_i_do_with_these_stocks/
Alphabet,1cgneg7,Which of these stocks is undervalued? ,"
Hi, I can only invest from the following selection of companies. I'm going to hold long term so based on this list, which would you pick? They are free shares so I can only choose from the list (I invest my own money separately in index funds) :  
Apple  
Microsoft  
Alphabet Class A  
AMazon  
Nvidia  
Tesla  
Berkshire Hathaway  
Eli Lilly  
Visa  
Exxon Mobil  
Walmart  
JPMorgan Chase  
Johnson & Johnson  
Mastercard  
Procter & Gamble

Chevron  
Coca Cola

McDonalds  
Comscast  
Caterpillar

GE  
Ford Motor",ElephantMain863,2024-04-30 17:01:55,0,4,https://www.reddit.com/r/investing/comments/1cgneg7/which_of_these_stocks_is_undervalued/
Alphabet,1blv9ld,"GitLab (GTLB) is the best DevSecOps platform, I own some and plan to add on dips.","GitLab $GTLB

* GitLab's Development Security Operations DevSecOps platform is the best in its class.
* It competes with Microsoft's GitHub but differentiates itself with strong security and AI features, an opportunity to gain market share in the fastest two growing markets.
* The Alphabet investment helps funnel business with Google cloud, besides getting AI tools from Alphabet.
* Revenue growth is strong at 27% as are high net retention rates at 130%.
* Nvidia is a client, and its growth momentum is a big catalyst for GitLab.
* Their most expensive tier is getting the highest demand.
* The big risk is the valuation at 12x sales without enough operating profit visibility.",Fountainheadusa,2024-03-24 00:46:01,0,15,https://www.reddit.com/r/investing/comments/1blv9ld/gitlab_gtlb_is_the_best_devsecops_platform_i_own/
Alphabet,1b3zmhb,"Once a Hot Stock-Market Trend Has a Name, Its Best Days Are Likely too late","Once a Hot Stock-Market Trend Has a Name, Its Best Days Are Likely Past -- Journal Report  
March 1, 2024 (Dow Jones)  
By Derek Horstmeyer  
Once a stock-market trend has been identified and named -- think FAANG or the Magnificent Seven -- the headiest gains are typically past. But riding a trend after it has been named can deliver market-beating returns for another year or so before the trade loses momentum and gives back some of the gains.  
To study the performance of named stock-market trends, my research assistants (Matthew Rickard and Camila Marín Builes) and I did a deep-dive on eight named trends over the past 10 years that were popularized by the mainstream media and covered by more than three such organizations.  
The final list of named trends we researched was:  
\-- Watch -- for retailers Walmart, Amazon.com, Target, Costco Wholesale and Home Depot.  
\-- FANG -- for tech titans Facebook parent Meta Platforms, Amazon, Netflix and Google parent Alphabet.  
\-- FAANG -- for Facebook, Amazon, Apple (the second A after 2017), Netflix and Google.  
\-- Granola -- for big European companies GSK, Roche, Nestlé, L'Oréal, LVMH Moët Hennessy Louis Vuitton, Novartis, Novo Nordisk, ASML Holding, AstraZeneca, SAP and Sanofi.  
\-- The Magnificent Seven -- for tech giants Nvidia, Tesla, Meta, Apple, Alphabet, Amazon and Microsoft.  
\-- MT SAAS -- for cloud-computing players Microsoft, Twilio, Salesforce, Adobe, Amazon and Shopify.  
\-- BAT -- for Chinese tech firms Baidu, Alibaba Group and Tencent.  
\-- Cloud -- for emerging cloud-computing stocks, notably PayPal, Zoom Video Communications, Vimeo, Dropbox, Alphabet, Adobe and Salesforce  
Smaller named trends like Mamaa (Meta, Apple, Microsoft, Amazon and Alphabet) and Emcloud were omitted because of overlap with other named trends, and their inclusion wouldn't have changed results.  
From first mention  
Next, we identified the first date each trend was mentioned in the popular press. Then, for each named trend we looked at the stock returns around this date going back 24 months before the zero-date (date of first mention) and 24 months after the zero-date.  
For each named trend, we use an equal weighting to calculate the return of the trade. So, for instance for FAANG, we applied a 20% weight to Meta's return, a 20% weight to Apple's, a 20% weight to Amazon's, 20% to Netflix and 20% to Alphabet. Finally, we calculated the cumulative excess returns over time for each named trend, where the excess return is the return for the trade minus the return on the S&P 500.  
The first interesting finding: When we look at the average of all these eight named trends, we see considerable price run-up before the trade being named. For the 24 months before the zero-date, we see the average named trend deliver 36% in excess returns. This means that if you magically knew about a new named trend before it happened, you could earn 36 percentage points above the S&P 500 for the two years before it was named.  
Worth the ride, until...  
But even if you don't have this magical foresight, it still doesn't hurt to ride a trend once it has been coined. On average, once the trend has been named and looking ahead 12 months, an investor can still earn about 13 percentage points in excess returns.  
Yet 12 months following the naming is about the best you can do as returns peak at this point on average and decrease a bit subsequently. From the 12-month mark to the 24-month mark after a trend has been named, the average named trend lags behind the S&P 500 by about 2 percentage points.  
When we look at the individual named trends, it might surprise people that the two best trades from the zero-date to the 24-month mark in our sample were the BAT and Cloud trends -- both earning more than 60% in excess return over the two-year period once they were coined by the press.  
On the other end, the MT SAAS trade did the worst, dropping more than 95% in excess returns over the two-year period after being named.  
All in all, this means your best option is to jump on a named trend as soon as you first hear about it -- provided you haven't been too late to the party -- and ride the initial momentum, if it happens. But if you get in past the 12-month mark, the returns might not be so magnificent.  
Derek Horstmeyer is a professor of finance at Costello College of Business, George Mason University, in Fairfax, Va.",Vast_Cricket,2024-03-02 02:13:05,0,4,https://www.reddit.com/r/investing/comments/1b3zmhb/once_a_hot_stockmarket_trend_has_a_name_its_best/
Alphabet,1aymstx,Nvidia is the ‘Magnificent One’ now — but these rivals are closing in,"I’ve been accused of being a booster for Nvidia. And I’ve definitely been posting a lot on it. But it is, according to Goldman Sachs, “the most important stock in the world.”

And we only have to look at the earnings call and how it snapped a sinking market back forward again adding more money to its cap in a day than any stock in history. 

Okay. Rah rah. But what about the competition? That much money and someone(s) are gonna try and steal a piece and poach your employees. 

So this one is for the nays and even the yays like me who want perspective. 

From MarketWatch opinion piece:

https://www.marketwatch.com/story/nvidia-is-the-magnificent-1-now-but-these-rivals-are-closing-in-3a382a8b?g=7cca269b-40cb-4e86-a320-c716dfd46439&mod=djem_mwnbulletin

> The Nvidia bandwagon is packed and everyone is jumping on it. It’s fun to be right and more fun to be right in good company. But what if everyone is wrong? Isn’t it this type of mania and exuberance that should give the market pause? 

> Nvidia has effectively grown to more than 98% of the market for data-center graphics processing units, or GPUs, due to a complete lack of meaningful competition. This early lead has given the company unbounded pricing power, driving its margins in the most recent quarter to over 76%.

> over the past few months we have seen signs of competition entering the market. This will affect Nvidia’s margins and the company’s ability to continue to grow at such a staggering rate. 

> the competition is coming from an array of places [in addition to AMD who is predicting $4B for their new GPU] that include a number of Nvidia’s largest and most important customers. For example, Amazon.com Inc.’s AWS cloud has its AI chips for training and inference, Microsoft recently announced its Maia AI chip, and Alphabet Inc.’s Google continues to innovate on its Tensor Processing Units (TPUs). Oracle Corp. and Meta Platforms Inc. are also developing AI chips in house. 

> not as much an indictment on Nvidia as they are a realization by these companies that overdependence on a single source for AI semiconductors is a risk

> In short, competition is real and it is coming to Nvidia in a meaningful way. More competition pressures Nvidia’s pricing, margins and market share, as well as its rates of revenue and EPS growth. ",dukerustfield,2024-02-24 14:34:51,323,156,https://www.reddit.com/r/investing/comments/1aymstx/nvidia_is_the_magnificent_one_now_but_these/
Alphabet,1axzycz,How do you even begin to search for more unknown stocks to potentially invest in? ,"Recently saw one of Ben Felix's videos on whether ""good"" companies are good investments. 

Most of my individual stocks positions are in these type of well known companies. I do feel I've bought them at a good price, and have got ok returns, but I do feel it could be holding me back. Eg, some companies I hold are Goldman, Alphabet, PG.

I'm not looking to just invest blindly based on what people suggest, I want to still understand the companies, make a decision on their future prospects, pay a good price, etc. But I'd like advice on how to even get started looking for less well known investment opportunities. 

Perhaps one way would be to read up each of the SP500 holdings? Or a total US, or global index? Any other ways people go about this? 

",International-Arm597,2024-02-23 22:03:36,22,34,https://www.reddit.com/r/investing/comments/1axzycz/how_do_you_even_begin_to_search_for_more_unknown/
Alphabet,1au7nno,Which Magnificent Seven company(ies) do you think will underperform the S&P over the next decade?,"Which of the Magnificent Seven companies (Alphabet, Amazon, Apple, Meta, Microsoft, NVIDIA, and Tesla) do you think are at the highest risk of having their competitive positioning(s) challenged over the next decade and what do you think will be the cause (i.e., losing market share to new entrants/competitors, erosion of pricing power, shifting consumer preferences, antitrust probes, etc.)?  ",Ishijah1,2024-02-19 07:59:22,181,318,https://www.reddit.com/r/investing/comments/1au7nno/which_magnificent_seven_companyies_do_you_think/
Alphabet,1an20hb,"Tulipshare, Amundi going after Bezos over working conditions per M*","I'm wondering if anybody here might know if they've gone after say Alphabet or Zuckerberg with the same intensity, or if these impositions are meant to 'match' commitments already adopted by them or others?

OG article: [https://research.morningstar.com/articles/5BGOEBXNVNCVTPHBDQSZLNIQSI/amazon-faces-pressure-to-improve-warehouse-worker-safety](https://research.morningstar.com/articles/5BGOEBXNVNCVTPHBDQSZLNIQSI/amazon-faces-pressure-to-improve-warehouse-worker-safety)

Thanks in advance!!",andysarchus,2024-02-10 08:33:00,0,0,https://www.reddit.com/r/investing/comments/1an20hb/tulipshare_amundi_going_after_bezos_over_working/
Alphabet,19az17m,Just how big are the Magnificent Seven?,"This is a big quote from MarketWatch. I’ve seen the numbers before, but this really gave me pause. 

> These captains of the SS S&P 500 are Google parent Alphabet, Amazon, Apple, Facebook parent Meta Platforms, Microsoft, NVIDIA, and Tesla. They've been described as the magnificent seven by many news organizations. Fortunately for me, there's a common thread among this group. They are the only U.S. companies that have ever been valued at a trillion dollars by the public markets. To say these companies are dominating the S&P 500 is a giant understatement. Last year, their collective valuation gained more than $5 trillion. Compare that to the S&P 500's valuation gain of less than $8 trillion. That means the trillionaires were responsible for roughly 65% of the Index's market cap gain last year, despite comprising just 1.4% of its components. But doesn't this go against the main reason behind investing in S&P 500 index funds? Wouldn't the entire index be susceptible to a massive drop if just one of these seven companies failed?

> Phil Van Dorn: Well, I like index funds because they spread out your risk over many stocks and because the expenses are so low. In the mutual fund industry, traditionally, you might be looking at expenses of 1% of assets under management per year, and that can really pile up over time. But with an S&P 500 Index Fund, your expenses get close to zero. But as you have mentioned when you called the group of expensive stocks the Trillionaires' Club, a small group of companies now make up between 27 and 30% of the S&P 500 depending on which day you look at it.

> Jeremy Owens: Right, so that's seven out of 500 companies accounting for more than a quarter or less than a third of the entire market cap of the S&P 500 and really swaying the underlying metrics. What should an investor kind of take from this and how should we look at the S&P 500 moving forward, knowing how much these companies matter?

> Phil Van Dorn: One can say that there's a heck of a lot of risk in the seven companies that make up only 1% of the S&P 500, but make up close to a third of its value. However, the S&P 500 is self-correcting. It rewards success.",dukerustfield,2024-01-20 09:51:08,27,47,https://www.reddit.com/r/investing/comments/19az17m/just_how_big_are_the_magnificent_seven/
Alphabet,18w0uqc,Is there any point in selling if holding on to your profitable stocks?,"I began investing in November 2021 and in hindsight I probably spread myself a little thin and bought into too many companies. Hopefully the screenshot I've provided is clear enough but just to add some context, the companies I've invested in more than once are:  
 
&nbsp;



Agronomics, Merck KGaA, Emmerson, Berkshire, Brookfield, Microsoft, ASTS and Rocket Lab. Most of the others I'm happy to just let run at this stage.  
&nbsp;


I'm in my early 30s so I was looking to take some risks (clearly). There's no incentive to invest in an ETF where I'm based (otherwise I wouldn't be stock picking). In hindsight I made some really poor decisions when I started out and it's sort of made me put my money on deposit since late 2022. I'm not sure what's the best move here.
 
&nbsp;

My current position is:  
&nbsp;

70k on deposit. I'm holding it for a potential house deposit down the line.&nbsp;

41k invested since the end of 2021 but this is now only worth 31k.  


&nbsp;

 

The stocks I'm no longer convinced by: 

&nbsp;


ASTS 

Polight 

Rocket Lab 

Steakholder Foods (formerly MITC)
 
&nbsp;


Does it even make sense to get rid of some of these if I'm planning to hold onto Berkshire, Alphabet etc for the foreseeable future? Is it basically just a case of letting the losers run and then offsetting them against any gains down the line?   
 
&nbsp;

[Current portfolio](https://ibb.co/xXwfxs6)
  
&nbsp;

Thanks in advance.",dolcesi,2024-01-02 01:56:10,0,21,https://www.reddit.com/r/investing/comments/18w0uqc/is_there_any_point_in_selling_if_holding_on_to/
Alphabet,18t8uzj,"""Outside of the Magnificent 7, the rest of the S&P 500 did nothing.""","I'm going to eat my own eyeballs if I read this one more time.

&#x200B;

Here's a list of all the S&P 500 companies that are up this year. Apple's an amazing business, but there are 60 stocks that have done better, just in the S&P 500. Do your homework, don't be afraid to buy individual stocks, and don't believe anyone who won't shut up about the Magnificent 7.

&#x200B;

**Company	2023 gain (through Dec. 28)**  
NVIDIA Corporation 	 238.1   
Meta Platforms, Inc. 	 197.3   
Builders FirstSource, Inc. 	 162.9   
Royal Caribbean Cruises Ltd. 	 162.8   
Uber Technologies, Inc. 	 155.9   
Carnival Corporation & plc 	 130.0   
PulteGroup, Inc. 	 128.3   
Advanced Micro Devices, Inc. 	 125.5   
Palo Alto Networks, Inc. 	 113.2   
Tesla, Inc. 	 112.2   
Broadcom Inc. 	 101.4   
Salesforce, Inc. 	 101.2   
Arista Networks, Inc. 	 95.9   
Fair Isaac Corporation 	 95.6   
Intel Corporation 	 92.1   
Lam Research Corporation 	 89.1   
Jabil Inc. 	 86.9   
Amazon.com, Inc. 	 82.5   
ServiceNow, Inc. 	 81.3   
Monolithic Power Systems, Inc. 	 80.0   
Blackstone Inc. 	 78.7   
Adobe Inc. 	 77.1   
Booking Holdings Inc. 	 75.4   
Expedia Group, Inc. 	 74.9   
Micron Technology, Inc. 	 73.4   
Cadence Design Systems, Inc. 	 71.0   
D.R. Horton, Inc. 	 70.2   
Applied Materials, Inc. 	 68.6   
Netflix, Inc. 	 66.8   
Norwegian Cruise Line Holdings Ltd. 	 66.5   
Chipotle Mexican Grill, Inc. 	 66.3   
Western Digital Corporation 	 66.1   
Lennar Corporation 	 65.0   
United Rentals, Inc. 	 62.9   
Seagate Technology Holdings plc 	 62.9   
Pentair plc 	 62.3   
Synopsys, Inc. 	 62.3   
Intuit Inc. 	 61.6   
NRG Energy, Inc. 	 61.0   
Copart, Inc. 	 60.6   
TransDigm Group Incorporated 	 60.1   
Airbnb, Inc. 	 59.7   
Alphabet Inc. 	 59.1   
Eli Lilly and Company 	 59.0   
Parker-Hannifin Corporation 	 58.8   
Lululemon Athletica Inc. 	 58.8   
KLA Corporation 	 56.9   
Axon Enterprise, Inc. 	 56.1   
Microsoft Corporation 	 56.0   
Celanese Corporation 	 55.0   
Take-Two Interactive Software, Inc. 	 54.6   
FLEETCOR Technologies, Inc. 	 54.1   
Eaton Corporation plc 	 53.4   
General Electric Company 	 53.0   
NVR, Inc. 	 52.3   
Broadridge Financial Solutions, Inc. 	 52.3   
Quanta Services, Inc. 	 51.5   
West Pharmaceutical Services, Inc. 	 51.2   
Marriott International, Inc. 	 50.7   
W.W. Grainger, Inc. 	 49.4   
Ingersoll Rand Inc. 	 49.0   
Apple Inc. 	 48.7   
ANSYS, Inc. 	 48.6   
PACCAR Inc 	 48.2   
Martin Marietta Materials, Inc. 	 47.8   
NetApp, Inc. 	 47.5   
NXP Semiconductors N.V. 	 46.9   
PTC Inc. 	 46.4   
Costco Wholesale Corporation 	 46.1   
Old Dominion Freight Line, Inc. 	 45.7   
Trane Technologies plc 	 45.1   
FedEx Corporation 	 44.9   
Masco Corporation 	 44.2   
Hilton Worldwide Holdings Inc. 	 43.7   
A. O. Smith Corporation 	 43.5   
Vertex Pharmaceuticals Incorporated 	 41.3   
Akamai Technologies, Inc. 	 41.2   
Capital One Financial Corporation 	 41.1   
Iron Mountain Incorporated 	 40.9   
Carrier Global Corporation 	 40.1   
Moody's Corporation 	 40.1   
Hubbell Incorporated 	 39.8   
Garmin Ltd. 	 39.4   
DaVita Inc. 	 39.2   
Welltower Inc. 	 38.9   
Fastenal Company 	 38.1   
Ralph Lauren Corporation 	 37.8   
The Boeing Company 	 37.6   
Howmet Aerospace Inc. 	 37.1   
Ecolab Inc. 	 37.0   
IDEXX Laboratories, Inc. 	 36.6   
ON Semiconductor Corporation 	 36.4   
Constellation Energy Corporation 	 36.2   
Digital Realty Trust, Inc. 	 35.7   
Nucor Corporation 	 34.9   
Verisk Analytics, Inc. 	 34.5   
Zoetis Inc. 	 34.4   
Cintas Corporation 	 34.2   
News Corporation 	 34.2   
MGM Resorts International 	 33.6   
Pool Corporation 	 33.5   
Live Nation Entertainment, Inc. 	 33.3   
GE HealthCare Technologies Inc. 	 33.0   
Assurant, Inc. 	 33.0   
Gartner, Inc. 	 32.9   
Accenture plc 	 32.6   
QUALCOMM Incorporated 	 32.5   
Cognizant Technology Solutions Corporation 	 32.2   
The Sherwin-Williams Company 	 32.0   
Fiserv, Inc. 	 31.6   
Stanley Black & Decker, Inc. 	 31.4   
S&P Global Inc. 	 31.4   
Cardinal Health, Inc. 	 31.3   
Autodesk, Inc. 	 31.2   
Amphenol Corporation 	 30.6   
Align Technology, Inc. 	 30.5   
Microchip Technology Incorporated 	 29.7   
Oracle Corporation 	 29.6   
Generac Holdings Inc. 	 29.4   
Phillips 66 	 29.4   
Packaging Corporation of America 	 29.0   
Vulcan Materials Company 	 29.0   
Tyler Technologies, Inc. 	 28.9   
Equifax Inc. 	 28.8   
Marathon Petroleum Corporation 	 28.8   
Global Payments Inc. 	 28.3   
CarMax, Inc. 	 28.1   
CDW Corporation 	 28.0   
Westinghouse Air Brake Technologies Corporation 	 27.4   
Intuitive Surgical, Inc. 	 27.2   
Snap-on Incorporated 	 27.0   
Republic Services, Inc. 	 27.0   
Teradyne, Inc. 	 26.8   
American Express Company 	 26.6   
Qorvo, Inc. 	 26.4   
JPMorgan Chase & Co. 	 26.3   
Linde plc 	 26.1   
Roper Technologies, Inc. 	 25.8   
Comcast Corporation 	 25.8   
Host Hotels & Resorts, Inc. 	 25.7   
Skyworks Solutions, Inc. 	 25.5   
F5, Inc. 	 25.3   
CME Group Inc. 	 25.2   
Visa Inc. 	 24.6   
Intercontinental Exchange, Inc. 	 24.6   
Caterpillar Inc. 	 24.4   
Brown & Brown, Inc. 	 23.9   
Steel Dynamics, Inc. 	 23.7   
Delta Air Lines, Inc. 	 23.5   
Cencora, Inc. 	 23.2   
Equinix, Inc. 	 23.2   
Expeditors International of Washington, Inc. 	 23.1   
TE Connectivity Ltd. 	 22.6   
Stryker Corporation 	 22.3   
Simon Property Group, Inc. 	 22.3   
Ameriprise Financial, Inc. 	 22.1   
Mastercard Incorporated 	 22.0   
McKesson Corporation 	 22.0   
CBRE Group, Inc. 	 21.7   
MSCI Inc. 	 21.6   
WestRock Company 	 21.6   
The Progressive Corporation 	 21.5   
Analog Devices, Inc. 	 21.5   
Fortinet, Inc. 	 21.4   
Allegion plc 	 21.2   
Warner Bros. Discovery, Inc. 	 21.2   
Regeneron Pharmaceuticals, Inc. 	 21.2   
Boston Scientific Corporation 	 21.1   
STERIS plc 	 20.9   
Rockwell Automation, Inc. 	 20.8   
Motorola Solutions, Inc. 	 20.5   
Lamb Weston Holdings, Inc. 	 20.3   
Illinois Tool Works Inc. 	 19.7   
Wells Fargo & Company 	 19.5   
Domino's Pizza, Inc. 	 19.5   
Rollins, Inc. 	 19.4   
PPG Industries, Inc. 	 19.4   
Robert Half Inc. 	 19.2   
Prologis, Inc. 	 19.0   
Union Pacific Corporation 	 18.7   
Molson Coors Beverage Company 	 18.6   
Loews Corporation 	 18.6   
Targa Resources Corp. 	 18.4   
Ross Stores, Inc. 	 18.4   
Arthur J. Gallagher & Co. 	 18.3   
Darden Restaurants, Inc. 	 18.2   
FactSet Research Systems Inc. 	 18.2   
AMETEK, Inc. 	 17.8   
Essex Property Trust, Inc. 	 17.6   
AvalonBay Communities, Inc. 	 17.3   
Arch Capital Group Ltd. 	 17.1   
Baker Hughes Company 	 16.8   
Synchrony Financial 	 16.7   
The TJX Companies, Inc. 	 16.5   
LyondellBasell Industries N.V. 	 16.2   
Invitation Homes Inc. 	 16.1   
International Business Machines Corporation 	 16.0   
Berkshire Hathaway Inc. 	 16.0   
J.B. Hunt Transport Services, Inc. 	 16.0   
EQT Corporation 	 15.8   
Diamondback Energy, Inc. 	 15.6   
Charter Communications, Inc. 	 15.5   
Church & Dwight Co., Inc. 	 15.3   
First Solar, Inc. 	 15.1   
The Cooper Companies, Inc. 	 14.9   
BlackRock, Inc. 	 14.8   
Discover Financial Services 	 14.7   
Fortive Corporation 	 14.7   
Otis Worldwide Corporation 	 14.4   
Franklin Resources, Inc. 	 14.4   
The Bank of New York Mellon Corporation 	 14.4   
Textron Inc. 	 14.0   
Marsh & McLennan Companies, Inc. 	 13.9   
Aflac Incorporated 	 13.9   
Dover Corporation 	 13.8   
Citigroup Inc. 	 13.8   
Freeport-McMoRan Inc. 	 13.7   
Caesars Entertainment, Inc. 	 13.4   
CoStar Group, Inc. 	 13.3   
Waste Management, Inc. 	 13.3   
Ball Corporation 	 13.2   
IQVIA Holdings Inc. 	 13.2   
Edison International 	 13.0   
HCA Healthcare, Inc. 	 13.0   
Monster Beverage Corporation 	 13.0   
T-Mobile US, Inc. 	 12.8   
Ventas, Inc. 	 12.7   
HP Inc. 	 12.5   
Weyerhaeuser Company 	 12.1   
DuPont de Nemours, Inc. 	 12.1   
Avery Dennison Corporation 	 12.0   
Huntington Ingalls Industries, Inc. 	 12.0   
The Goldman Sachs Group, Inc. 	 12.0   
DENTSPLY SIRONA Inc. 	 11.9   
Electronic Arts Inc. 	 11.9   
Lowe's Companies, Inc. 	 11.9   
CSX Corporation 	 11.8   
McDonald's Corporation 	 11.8   
O'Reilly Automotive, Inc. 	 11.7   
Eastman Chemical Company 	 11.4   
Walmart Inc. 	 11.3   
Nordson Corporation 	 11.1   
United Airlines Holdings, Inc. 	 10.7   
Dow Inc. 	 10.6   
Teledyne Technologies Incorporated 	 10.5   
The Home Depot, Inc. 	 10.3   
PG&E Corporation 	 10.3   
Morgan Stanley 	 10.2   
American Airlines Group Inc. 	 9.98   
Wynn Resorts, Limited 	 9.89   
Charles River Laboratories International, Inc. 	 9.61   
Extra Space Storage Inc. 	 9.45   
DexCom, Inc. 	 9.26   
Amgen Inc. 	 9.1   
Public Storage 	 8.95   
Jacobs Solutions Inc. 	 8.4   
Mondelez International, Inc. 	 8.34   
Universal Health Services, Inc. 	 8.32   
Molina Healthcare, Inc. 	 8.06   
ONEOK, Inc. 	 8.04   
Zebra Technologies Corporation 	 7.56   
Gen Digital Inc. 	 7.33   
Regency Centers Corporation 	 7.31   
General Motors Company 	 7.25   
Hewlett Packard Enterprise Company 	 7.08   
Fifth Third Bancorp 	 6.89   
Ford Motor Company 	 6.53   
The Williams Companies, Inc. 	 6.47   
Omnicom Group Inc. 	 6.22   
American International Group, Inc. 	 6.18   
Boston Properties, Inc. 	 6.14   
MarketAxess Holdings Inc. 	 6.07   
Medtronic plc 	 6.05   
Raymond James Financial, Inc. 	 5.91   
Cisco Systems, Inc. 	 5.88   
Everest Group, Ltd. 	 5.86   
Trimble Inc. 	 5.48   
The Hartford Financial Services Group, Inc. 	 5.46   
International Paper Company 	 5.31   
Coterra Energy Inc. 	 5.13   
Equity Residential 	 4.86   
Ceridian HCM Holding Inc. 	 4.82   
Hess Corporation 	 4.77   
eBay Inc. 	 4.61   
Prudential Financial, Inc. 	 4.38   
AutoZone, Inc. 	 4.34   
The Walt Disney Company 	 4.03   
Valero Energy Corporation 	 3.91   
General Dynamics Corporation 	 3.76   
Federal Realty Investment Trust 	 3.73   
Texas Instruments Incorporated 	 3.64   
Constellation Brands, Inc. 	 3.61   
Xylem Inc. 	 3.45   
Atmos Energy Corporation 	 3.44   
Paychex, Inc. 	 3.04   
Ulta Beauty, Inc. 	 3.03   
Kimco Realty Corporation 	 2.79   
Leidos Holdings, Inc. 	 2.5   
American Tower Corporation 	 2.29   
Bunge Global SA 	 2.25   
Bank of America Corporation 	 2.17   
Yum! Brands, Inc. 	 2.15   
Edwards Lifesciences Corporation 	 2.14   
The Allstate Corporation 	 2.06   
Emerson Electric Co. 	 1.6   
The Kroger Co. 	 1.41   
Mohawk Industries, Inc. 	 1.37   
Bath & Body Works, Inc. 	 1.35   
Catalent, Inc. 	 1.09   
Las Vegas Sands Corp. 	 0.978   
The Clorox Company 	 0.969   
Chubb Limited 	 0.947   
L3Harris Technologies, Inc. 	 0.807   
U.S. Bancorp 	 0.757   
Globe Life Inc. 	 0.664   
The Travelers Companies, Inc. 	 0.603   
State Street Corporation 	 0.516   
ConocoPhillips 	 0.415   
Colgate-Palmolive Company 	 0.393   
Teleflex Incorporated 	 0.353   
Cincinnati Financial Corporation 	 0.352   
Dollar Tree, Inc. 	 0.283   
Invesco Ltd. 	 0.278   
Pioneer Natural Resources Company 	 0.193   
VeriSign, Inc. 	 0.151 ",budgetFAQ,2023-12-29 09:10:01,275,75,https://www.reddit.com/r/investing/comments/18t8uzj/outside_of_the_magnificent_7_the_rest_of_the_sp/
Alphabet,17vc1yh,Please Roast My Portfolio,"Started investing this year, the objective is half index ETF and the other Half stock picks to hold >10 years (mostly for fun, as I really enjoyed learning about value investing). As I am still a rookie in investing I would love some feedback

My method is looking at companies that meet most of the following criteria: gross margin >40%, 5Y ROIC>15%, 5Y ROCE >20%, insider ownership >10%, Capex/sales <5%, net margin >10%, FCF margin >10%, Revenue growth >8%, earnings growth >7%, stock based compensation preferably <10% of operating cash flow. I look for businesses I can understand and I perceive to have a strong moat.

Then I perform a discount cash flow analysis using a discount rate of 15% and an exit free cash flow multiple. I prefer companies with at least 5 year history of free cash flow growth to calculate the expected cash flow growth.

This is my portfolio:
16% Alphabet - avg price 101$
14% Adobe - avg price 357$
11% Fortinet - avg price 54,3$
11% Microsoft - avg price 273$
11% Amazon - avg price 102$
11% Mercado Libre - avg price 1210$
9% Visa - avg price 238 $
8% ASML - avg price 610 €
6% DSV As - avg price 1311 DKK
3% LVMH - avg price 678€

Early returns since inception: 17%
Any advice/contrarian view is welcome, thank you",rmt298,2023-11-15 05:59:10,0,5,https://www.reddit.com/r/investing/comments/17vc1yh/please_roast_my_portfolio/
Alphabet,17pkab5,Google faces second major U.S. antitrust trial over Play Store monopoly allegations,"[https://www.investing.com/news/stock-market-news/google-faces-second-major-us-antitrust-trial-over-play-store-monopoly-allegations-93CH-3224070](https://www.investing.com/news/stock-market-news/google-faces-second-major-us-antitrust-trial-over-play-store-monopoly-allegations-93CH-3224070)

Alphabet (NASDAQ:GOOGL) Inc.'s Google is embroiled in its second major antitrust trial in the United States, initiated by Fortnite creator Epic Games. The case, expected to conclude before Christmas, is centered around allegations of Google's monopolistic control over Android app distribution via its Play Store. The trial follows a similar lawsuit against Apple (NASDAQ:AAPL) earlier this year, which resulted in apps being allowed to offer alternative payment options, potentially destabilizing tech giants' commission structures.

&#x200B;",Weak-Concern-828,2023-11-07 11:35:54,28,4,https://www.reddit.com/r/investing/comments/17pkab5/google_faces_second_major_us_antitrust_trial_over/
Alphabet,17my1fr,"No longer speculating, beat s&p by 2.15% over a year.","Changed my philosophy from speculating / gambling to real investing this time last year. 

Actual return on personal portfolio for 1 year as of yesterday = 18.94% while s&p 1 year return was 16.79%. 

I know it’s not a lot and could be a blind squirrel finding a nut, but still am happy that I am not losing money on long shots or speculation. 

Personal portfolio winners over 1 yr include Alphabet, Berkshire (class b obvs), SK Telecom, Coca Cola. 

Losers include Deere & Co, Richardson Electronics, Cava group. 

Happy investing",Most_Caramel_8001,2023-11-04 00:47:32,0,35,https://www.reddit.com/r/investing/comments/17my1fr/no_longer_speculating_beat_sp_by_215_over_a_year/
Amazon,1mc0rwd,Curious what do you all think about cloudflare (NET),"I like cloudflare as a product. I also worked with some engineers from there and generally believe they have excellent talent, excellent execution and excellent product. Their free product is something that would cost you few thousands dollars on AWS or Azure. Their paid product is pretty much unmatched except for companies with extremely deep pockets. 

The scale of the company, the amount of public internet traffic that flows through them is mind boggling. They have positioned themselves to benefit from any internet wide phenomenon at a pace that no other company can match. Case in point, blocking/charging AI bots. It’s the current fad, sure, and many other services sprung up to deal with that. However, all the big websites are already using cloudflare, and Cloudflare upsell is how they run their business. Which brings me to the second point; how cloudflare runs their business.


As I mentioned Cloudflare has a free tier that’s insanely generous. Their paid plan is also ridiculously cheap. It’s a no-brainer for any business to get a couple of niceties but it’s also clearly a loss leader. They make all their money analyzing those users usage patterns and calling up those companies to upsell them on other various (often significantly more expensive) services cloudflare offers. They go through cycles of firing all their sales teams, working on products, then hiring a sales team to sell them to their biggest clients, rinse and repeat. I can easily imagine the amount of calls and contracts they can very easily close with a “Just click that button and you’ll block (or get paid by) AI bots”

The ugly part is their financials. They are not a young company (15 years old), but they have also never turned a profit. They have 50% their revenue YoY 18-22, though slowed down to 34% and 28% for 2023-2024. All of their cash flow is diluted by their employees and CEO stock options. 

I was watching it on IPO back in 2019 and remember thinking I’ll wait until they turn a profit. Then I decided to get into 10k in Jan of 2021 ($72 cost basis) thinking I’ll just buy it and forget it. 4 years later and still no profits. I’m up significantly of course. I wanna think that this has no way to go but up in 10 or 20 years. But I keep reminding myself that the company is already 15 years old. I’m waiting for the earnings call this week. Expecting (hoping for?) a significant revenue jump, but not expecting profits sadly. 


My biggest worry is not fully knowing how big that moat I mentioned is. It’s not rocket science to replicate, so not Nvidia, TSMC, ASML type moat. It’s more about the execution and logistics. Microsoft, Amazon, Google cloud drop a Cloudflare competitor yesterday. In fact they all have various “close enough” offerings that are just insanely expensive because they don’t operate anywhere near the efficiency of Cloudflare in that domain. ",bumble2100,2025-07-29 12:20:15,8,8,https://www.reddit.com/r/investing/comments/1mc0rwd/curious_what_do_you_all_think_about_cloudflare_net/
Amazon,1m92gvx,Run your own Hedge Fund / Family Office!,"Sorry for the click-bait(ish) title, but this is something that I have been thinking for a while, and I wanted to share with the community.

My story: I am old. Really, LOL on me, I know.

I grew up poor AF in generational poverty, in a hell hole of a place too. And, ever since I was a kid, I was exposed to both well educated people and rich people as well. And while I was in awe with the educated people, I hated being poor, and I wanted to be financially stable one day.

Fast forward to today, I put myself through college, first one of my expended family and friends to do so, and the overachiever me got 1 BS and 1 MBA, where I also took classes in finance/investing (one of my papers was in binomial derivatives).  All along I also studied on my own personal finances and investing. I still remember my very first investment, I lost $200 in a sure bet stock!  LOL

The core:

I ran my personal finances like running a company: revenue, OpEx, and CapEx.  No matter how poor I was I always lived within my means and I did not fall for the easy consumer credit. Fuck that.

I live in NYC and I still live very frugally, and manage to have fun to on a small budget. And I save what I feel it's a lot of money (remember, I grew up poor AF).

I run my portfolio like a hedge fund, or a Family Office if you will.

And I take the easy/lazy road, that, unbeknown to Social Media and Reddit, often use a simple trick to ""beat"" the market: they invest in the SP500 and *tweak* the returns with some easy minor positions, either shorting the dogs (puts), and boosting the winners (stocks / calls) and pimping their positions by writing calls.

I took my inspiration from them:

1. The vast majority of my portfolio is in QQQ / SPY
2. I have a minority of my portfolio that I have allocated to AI *at large*, MSFT is the largest holding there
3. I have a minority portion of my portfolio that I have allocated to Quantum stocks.
4. I have a minority portion of my portfolio that I have allocated to ""Disruptive Technologies""
5. I have a minority portion of my portfolio that I have allocated to wild cards.
6. Note:
 * 2 + 3 + 4 + 5 above represent <10% of my portfolio cost basis,
 * and I don't rebalance
 * I make monthly buys across all positions religiously on the first day of the month. I accumulate positions, I rarely take a position with a single transaction.
 * I never take money out of my portfolio
7. And yes, wife and I max out on 401K plans at work, invested in SPY. It's all part of the ""portfolio""

I track my NetWorth using Empower, and I track my future cash flow with a simple spreadsheet. My finances are easy: 1 checking account, 4 credit cards (2% cash back citi for personal 2% cash back fidelity for business, 5% cash back CHASe for amazon, 6% cash back AMEX for groceries) that I pay off at the end of the month, all payments are auto-pay to my credit cards or to my checking account.


So, that's my hedge fund. And IMO it's the correct way to look at it.


My advise to you is:

1. Live within your means, paying interest on consumer credit to buy things you don't ned with money you don't have, to impress people you don't like is silly. And if you're broke, there's no investment what will take your negative net worth and make you ""rich"". That's how people fall for scams.
2. Get an education on investing, if it's not your thing just do the BogleHeads way https://www.bogleheads.org/wiki/Three-fund_portfolio , but if you get a good investment education, your own Hedge Fund can do miracles with your hard earned savings.

Thank you for coming to my TED talk.",G4M35,2025-07-26 00:38:17,0,7,https://www.reddit.com/r/investing/comments/1m92gvx/run_your_own_hedge_fund_family_office/
Amazon,1m8lphq,Where to begin investing in individual stocks?,"Hi everyone,

My wife and I (30s) plan on transferring 120k into a brokerage account with hopes of letting it grow. We’ve been investing VOO in our ROTH IRA for years now, but we decided that we also want to begin investing outside of that as well as our money wasn’t growing much sitting in a HYSA

We plan on doing a majority in VOO, but maybe put 30k into different individual stocks. Any recommendations on the growth potential for Google, NVIDIA, amazon, etc?

It’s always a question as to when to enter the market as it’s difficult seeing a high without fully knowing the overall growth potential for these markets

With that said, meta at one point was 400 where people thought it wouldn’t grow more, but alas it’s at 700 now.

Any good value individual stocks to bet on for long term to appreciate a good gain?

What’s everyone’s thoughts on UNH, QS, SOUN, RKLB, or ABAT? Any potential for large growth in the future if we look to hold at least 5 years?",Typical-Spinach,2025-07-25 10:01:28,0,23,https://www.reddit.com/r/investing/comments/1m8lphq/where_to_begin_investing_in_individual_stocks/
Amazon,1m7qp80,Invest in Individual stocks of S&P 500 to beat it?,"If the majority of years of the S&P500 are UP

Give me reasons why I should not invest in the top individual stocks of the S&P500 and VOO????

This give me larger growth to increase my portfolio while still being in VOO. 

I would buy the following stocks 

2.	Microsoft (MSFT)
3.	Nvidia (NVDA)
4.	Amazon (AMZN)
9.	Eli Lilly (LLY)
10.	Broadcom (AVGO)
11.	Tesla (TSLA)
13.	JPMorgan Chase (JPM)

+

VOO
",SnooPets6005,2025-07-24 10:00:36,114,330,https://www.reddit.com/r/investing/comments/1m7qp80/invest_in_individual_stocks_of_sp_500_to_beat_it/
Amazon,1m4cx4d,Which stocks (list inside) will you buy (and why) if the market dips significantly?,"How I came out with this list is due to a few reasons

1. MAG 7 + super big caps like Broadcom, Eli Lilly and Netflix
2. The rest are a few stocks inside Adam Khoo's portfolio. He calls those stocks his long-term keep. (Adam Khoo is a stocks investing teacher)

The list

1. Nvidia
2. Microsoft
3. Apple
4. Amazon
5. Alphabet
6. Meta
7. Broadcom
8. Telse
9. Eli Lilly
10. Visa
11. Netflix
12. Mastercard
13. Costco
14. Palantir
15. Salesforce
16. ServiceNow
17. Booking
18. Fortinet
19. Celsius",Savings_Enthusiasm60,2025-07-20 10:43:47,0,34,https://www.reddit.com/r/investing/comments/1m4cx4d/which_stocks_list_inside_will_you_buy_and_why_if/
Amazon,1m39pgt,Thoughts on what I should do.,"I invested a chunk of money a while back and hadn’t added to it in a while. Marriage, two kids, etc. 
what should be my next move? I have some cash on hand to add, but I feel as though the gap of where my averages are and where the market is just doesn’t make sense to add right now. 

Averages:
 
Spy: $413.70
Google: 95.25
Amazon: $104.42
Apple: $146.08",THE-REAL-ALRAL,2025-07-19 03:14:54,7,11,https://www.reddit.com/r/investing/comments/1m39pgt/thoughts_on_what_i_should_do/
Amazon,1m117vv,Seeking portfolio optimization advice rolled over Ira,"
Hello,
I recently rolled over approximately $15,000 from my previous employer's 401(k) into a Fidelity IRA. My goal is to build a strong, long-term growth portfolio by evenly investing in stocks, with ongoing monthly contributions.
Here's my initial allocation breakdown for the $15,000:
 * Technology/Growth:
   * Microsoft (MSFT): $2000
   * Apple (AAPL): $2000
   * NVIDIA (NVDA): $1,500
   * Amazon (AMZN): $1,000
   * Palantir (PLTR): $1,000
   * Snowflake (SNOW): $1,000
   * Super Micro Computer (SMCI): $1,000
 * ETFs (Tech-Focused):
   * Invesco QQQ Trust (QQQ): $1,500
   * VanEck Semiconductor ETF (SMH): $1,500
 * Consumer/Healthcare/Staples:
   * Visa (V): $750
   * Costco Wholesale (COST): $750
   * Procter & Gamble (PG): $1,000
   * Johnson & Johnson (JNJ): $1,000

My Objectives:
 * Long-term capital appreciation.
 * Diversification across promising sectors/companies.
 * Consistency with monthly contributions.
Questions for the Community:
 * Given my initial selections and goals, do you have any suggestions for optimizing this portfolio?
 * Are there any particular stocks you would add, remove, or adjust the weighting of?
 * Are there any sectors or types of companies I might be overlooking for a ""strong portfolio""?
Any insights or recommendations would be greatly appreciated as I look to build a robust investment foundation.
Thank you!
 ",idontcarelolmsma,2025-07-16 11:37:15,3,11,https://www.reddit.com/r/investing/comments/1m117vv/seeking_portfolio_optimization_advice_rolled_over/
Amazon,1m07rs3,Using Covered Calls to Lower Concentration and Generate Income,"Currently, I have close to half of my portfolio allocated towards Amazon stock, a position garnered primarily from RSUs  during my tenure at the company. I am looking to diversify my portfolio but at the same time generate some extra income.

I am thinking about covered calls. With Amazon trading around 225,I was considering selling call options with a strike price of 260. That seems to be a safe distance and even if they do get exercised, I am okay with that as well. I have held the stock for eight years and part of me would appreciate the opportunity to relieve myself of the concentrated position and rebalance my portfolio.

I know many people such as Ben Felix have voiced their opinions against covered calls due to the capped upside potential, but in this particular scenario, I do feel that there is potential upside. It satisfies a few of my goals - gradual de-risking and income.   
  
Is there something too obvious that I am overlooking? Would love to hear your insights, especially if you have done something similar.",common_man_1985,2025-07-15 12:55:14,4,2,https://www.reddit.com/r/investing/comments/1m07rs3/using_covered_calls_to_lower_concentration_and/
Amazon,1lyzs43,Citigold $200 Subscription Rebate,"Does anyone park $200k into Citi wealth just for the Citigold $200 rebate on Costco, Amazon, Spotify subscriptions? What has your experience been and is it worth it for you? I’m trying to determine whether the juice is worth the squeeze. If it is truly a set and forget and there are no issues getting the rebate then it’s worth it but if there are any hassles at all, I don’t think it would be worth my time. Also, I am Platinum Honors Tier with BoA so already taking advantage of those rewards.",Important_Yak_7196,2025-07-14 03:19:14,3,14,https://www.reddit.com/r/investing/comments/1lyzs43/citigold_200_subscription_rebate/
Amazon,1lym1cz,What's the going on with Newegg?,"Stock price just hockey sticked up on Friday with no major news. A few sites are claiming the rally is from the site having lower prices than Amazon during Prime Day. 

Think they're getting bought out? It would make sense for Gamestop to acquire them, and Gamestop is sitting on a lot of cash. Anyone else have other speculative theories? ",rodamusprimes,2025-07-13 15:32:34,52,22,https://www.reddit.com/r/investing/comments/1lym1cz/whats_the_going_on_with_newegg/
Amazon,1luypet,IonQ The Next Disruptive Opportunity In Quantum Computinginformation!,"IonQ is leading quantum computing with advanced trapped ion technology and expanding into quantum networking with the aim of building a disruptive quantum internet.

The hybrid business model - hardware sales plus quantum computing-as-a-service - enables IonQ to realize scalable growth and attractive future margins through its cloud platform.

Despite high cash burn and industry uncertainty, I expect IonQ to be cash profitable by 2028-2029 with significant upside potential.

Given IonQ's technological strength and strategic direction, I recommend buying the stock with a target price of $97, despite the inherent risks.

I see a landmark investment opportunity in IonQ, a leading company in the quantum computing industry that has made significant advances in ion trapping technology, enabling room-temperature operation, high-fidelity quantum gates, and a clear roadmap for scaling. The company has expanded its business model to include quantum networks, which are easier to commercialize and provide IonQ with all the elements needed to build the so-called “quantum internet” - a global alternative network of quantum servers and connections. All the elements needed to build what is known as the “quantum Internet” -- a global alternative network of quantum servers and connections. Finally, the company has adopted a hybrid market-entry strategy that appeals to me, combining hardware sales to some customers with a commercialization model that sells quantum computing services to others.

The high level of uncertainty makes it difficult to arrive at a definitive valuation; however, I am fairly confident that the company can establish a price of $97 per share, and I therefore recommend purchasing the stock.

In today's world, most people consider quantum computing to be an esoteric science. What's more, on January 8, 2025, NVIDIA CEO Jen-Hsun Huang declared at NVIDIA's Consumer Electronics Show Financial Analysts Event, ""If you're saying that 15 years from now there will be very useful quantum computers, that's probably too early. If you say 30 years from now, it's probably too late."" A few days later, he realized his comments were overblown and changed his mind. As evidence, NVIDIA has software CUDA-Q dedicated to quantum computing.On June 11, 2025, Jen-Hsun Huang announced that quantum computing is at a turning point. I think it's time to consider the opportunities in this industry. Previously, I analyzed D-Wave.

Leading Quantum Computing Companies

Most quantum companies are in the experimental stage and are still using unproven technologies even when they commercialize them. The only company with higher revenues is D-Wave Quantum Inc.; however, D-Wave Quantum uses quantum annealing, a technology that focuses on solving optimization problems for narrow application scenarios. IonQ is, in my opinion, the most advanced company in the industry using ion-trap quantum bits. The company's $1.075 billion acquisition of Oxford Ionics will advance this technology, which is expected to reach 256 physical quantum bits by 2026 and 2 million quantum bits by 2030, solidifying its leadership position.

With this technology, the company can operate at room temperature without cryogenic cooling. The miniaturization effort reduces materials, which saves energy and lowers computing costs. In addition, the company's computing systems are among the most reliable, with 99.9 percent fidelity on its barium platforms (especially the Tempo system).

Quantum Internet

The company has expanded into quantum networking, which allows it to leverage technologies such as photonic interconnects and quantum repeaters to deliver new ultra-high-speed networking platforms ranging from terrestrial fiber optic networks to space infrastructures. These capabilities further enhance IonQ's leadership position, giving it the ambition to disrupt the computing and communications industry. I'm not sure the company can achieve this goal, but I take its strategic direction very seriously.

The company has grown this business both endogenously and externally. Over the past few months, the company has made strategic investments in its quantum networking business, including Qubitekk, ID Quantique, Lightsynq, and Capella. through these acquisitions, the company will be able to design, build, and integrate hardware and software for quantum networks and develop quantum security and quantum detection systems, such as the one Qubitekk offers. systems provided by Qubitekk. In addition, the company will be able to extend network distances using quantum repeaters and develop quantum space communications.

Mixed Market Entry Strategies

In my investment screenings, I look for companies that are trying to disrupt the world, and IonQ has been ambitiously trying to do just that with quantum computing, and today they are even disrupting the Internet with quantum networking. Crucially, they're trying to sell it as a platform; their mission is not just to be a hardware provider. Obviously, in its infancy, the company developed multiple commercialization models, both as a hardware provider and as a platform provider.IonQ has been working closely with its customers, primarily government agencies, and conducting experiments with them. Instead of a product, they have a specialized set of solutions that include custom cooling systems, unique isolation systems, and specialized electromagnetic shielding. These systems are the Harmony or Aria systems. The latest systems are standardized, modular, and scalable, and are ready for use in data centers, enabling them to be used as a service.IonQ is the only quantum company that offers its services through the three major cloud service providers (Amazon Web Services, Microsoft Azure, and Google Cloud). This Quantum Computing-as-a-Service (QCaaS) model is very attractive to me because it offers higher margins and a network platform that can leverage the network effect, thereby protecting it from competition.

Path to Profitability

The company has been a huge cash burner over the past 12 months. Operating cash flow was negative $164 million, which is higher than the 2024 cash burn of $85 million. The outlook for the company doesn't seem too promising.

However, I think the company is at a turning point. The company has a relatively mature product that has proven beneficial to its customers. IonQ now has a robust new quantum networking business that is more profitable than quantum computing. The company is expanding cautiously despite its capital consumption, and I expect it to continue to improve.

Valuation

The emergent nature of IonQ makes my 10-year model insufficient to forecast cash flows. Therefore, I extended the evolution of free cash flow to 250 years and considered several scenarios. All scenarios are based on the assumption that the growth rate of free cash flow decreases until it reaches 3%. 3% growth rate indicates that the company is growing in line with the economy as a whole, which means that it is not able to differentiate itself from the competition, and that the industry as a whole is growing in line with the economy. It will take at least 17 years to reach this state, which I think is quite conservative in this disruptive industry.

You can observe that in Scenario B it takes 2042 and 2045 to reach a 3% growth rate, whereas in Scenario C it only takes three years. The effect of this change is that the stock price rises from $19 per share in Scenario B to the current $41 per share in Scenario C. I believe that Scenario A is very feasible because you can stabilize the business at a 3% growth rate in 2050 with a stock price of $97 per share. My conclusion is that any numerical valuation is too sensitive to achieve a reassuring figure. However, I foresee a scenario where the value of the business exceeds its current share price. With a beta of 3.62, cash flows are discounted at a weighted average cost of capital (WACC) of 18.2%. The risk-free rate is 4.5%. The company is leveraged at 5% and using equity as market capitalization, I consider that the company has $328 million in excess cash.

Risks

The quantum computing industry is fraught with uncertainty, and IonQ's business even more so. Quantum performance is expected to outperform traditional computing. However, at NVIDIA's GTC conference, simulations using Ansys software achieved only a 12% time improvement, which is not particularly impressive if their goal is to disrupt the computing world. If the improvements in quantum computing aren't significantly better than traditional computing, revenue growth won't be as high. This would have a huge impact, and I estimate that my valuation could fall by more than 50% from the current share price. The probability of this happening is low, as quantum technology has shown some stability and its own potential far exceeds that of traditional computing.

In this paper, I have explored IonQ's competitive advantages, which are significantly better than those of its competitors, and a more comprehensive and integrated business model. As a result, I do not believe that competitors will eat into much of the company's market share. However, margins are likely to decline further. Gross margins have declined from 74.7% in the first half of 2022 to 50.1% last year. 2022 EBITDA was negative $89 million, compared to negative $234 million last year. Whether margins will decline further in the future is uncertain. Sales and marketing costs are likely to be higher and customer acquisition costs will be higher than expected.",Aluseda,2025-07-09 05:01:43,0,1,https://www.reddit.com/r/investing/comments/1luypet/ionq_the_next_disruptive_opportunity_in_quantum/
Amazon,1lt8in7,Portfolio Leaderboard Project,"Clarification: Dont know alot about money or investing, so mistakes in understanding should be expected. 

Goals of this project

* Write a python program that generates portfolios and writes them to a leaderboard, ranking their overall value and growth.
   * Determine best market picks
   * Have a way to rank a portfolios performance
   * Find portfolios that perform better than the s&p 500

Uses this [A List of All Yahoo Finance Stock Tickers](https://investexcel.net/all-yahoo-finance-stock-tickers/) to generate a list of stock tickers available on yahoo finance (program uses yahoo finance to scrape market data), and a web scraper that collected tickers for crypto as well. This creates a backbone of all the market tickers on yahoo finance (somewhat), making a total of 255k tickers. The tickers from investexcel is then filtered by us tradable and still available on the website (in case some markets left after 2017).This master ticker list is then used to generate randomized portfolios. It’s randomized by…

* Number of markets from 1 to 1000
* market picks (stocks, etfs, currencies, crypto, etc…)
* starting weights (20% amazon, 80% netflix)
* rebalancing strategy (with random parameters if applicable)
   * 'none',  # No rebalancing
   * 'daily',  # Rebalance every trading day
   * 'weekly',  # Rebalance every week
   * 'monthly',  # Rebalance every month
   * 'quarterly',  # Rebalance every quarter
   * 'semiannual',  # Rebalance twice a year (June/Dec)
   * 'annual',  # Rebalance every year
   * 'threshold\_5',  # Rebalance when any weight deviates by 5%
   * 'threshold\_10',  # Rebalance when any weight deviates by 10%
   * 'threshold\_20',  # Rebalance when any weight deviates by 20%
   * \*\[f'hybrid\_{time}\_{threshold}' for time in \['daily', 'weekly', 'monthly', 'quarterly', 'annual'\] for threshold in \[5, 10, 20\]\],
   * 'cppi',  # Constant Proportion Portfolio Insurance
   * 'cash\_flow',  # Use deposits/withdrawals for rebalancing
   * 'volatility\_trigger',  # Rebalance when volatility spikes
   * 'equal\_weight',  # Reset to equal weights periodically
   * 'target\_vol\_10',  # Maintain 10% annualized volatility
   * 'target\_vol\_15',  # Maintain 15% annualized volatility
   * 'target\_vol\_20',  # Maintain 20% annualized volatility
   * 'momentum\_3m',  # Rebalance based on 3-month momentum
   * 'momentum\_6m',  # Rebalance based on 6-month momentum
   * 'momentum\_12m',  # Rebalance based on 12-month momentum

The portfolio starts from the newest market pick, with $10000 dollars invested, all the way through to today. Suggestions on improving the project are welcome.

",FluidModeNetwork,2025-07-07 03:37:25,0,9,https://www.reddit.com/r/investing/comments/1lt8in7/portfolio_leaderboard_project/
Amazon,1lrvdho,Suggest me a books to learn analysing stocks that are revenant to current times,"Hello, I am trying to learn how to analyze companies and pick stocks. So far I read 1-2 books that are easy to read and understand for me. There are many famous books that are treated as  bible for stock market investing - like intelligent investor, one up on Wall Street, common stocks uncommon profits etc. I am not trying to learn trading. 

I attempted to read ""intelligent investor"" but it was too difficult for me comprehend and it is huge book. I am thinking of reading  ""common stocks uncommon profits"" next. 

Since this book was written decades ago - is it a good use of time if my goal is to learn to select stocks to buy ?

At the time these books were written several of the current big companies were in their early stages. I do not think it is possible to find another apple or Walmart now because most likely they will get acquired by the big ones, there is almost a monopoly in some sectors, some companies like google, amazon are in multiple sectors.  

Could someone suggest me a book that more relevant to current times that explains what different terms mean, how to use them to pick stocks, how to evaluate companies etc and something less dense that ""intelligent investor"" and more than ""what is a stock"". 

  
Thank you very much for your time. 



",Careless-Pilot-5084,2025-07-05 07:40:38,1,18,https://www.reddit.com/r/investing/comments/1lrvdho/suggest_me_a_books_to_learn_analysing_stocks_that/
Amazon,1lptsmr,Thoughts on my portfolio at 18?,"Hey, I'm 18 and i live in RO {Europe). I get around 200-300 EUR per month from scholarships and allowances. i would be willing to invest around 60 EUR per month, maybe 80 or 90 EUR if i catch on well.

I don't have a clear objective (house/car etc.) but i'd like to basically maximise this money in a year with a risk tolerance of losing maximum 50% of the investment. After this year i will end college and i will probably get a job allong with uni.

I don't have anything invested yet. I tried investing 50 USD in some stocks (MEG, NVDA, BAC, CRM) in february, but then sold them in under a month with a 10USD loss because i had a low risk tolerance. I have also invested 52USD in BTC but sold it too with only 1 USD difference.
I have no debts and no utilities to pay except gym membership and some meals.

Do you guys have any recommendations for me? i just opened an account on trading212 and I made a portfolio that consists of:
17% Microsoft
15% Apple
15% Tesla
10% Amazon
10% Shell 
9% Mastercard
8% Cloudflare
8% Nvidia
8% Roblox",FearlessWorker6498,2025-07-02 20:50:30,0,12,https://www.reddit.com/r/investing/comments/1lptsmr/thoughts_on_my_portfolio_at_18/
Amazon,1lp82p8,how do you invest for the singularity,"I am convinced that we will probably reach AGI (artificial general intelligence) in less than 5 years, and ASI (artificial super intelligence/ ai smarter than all humans) shortly after.  
However, looking around, it seems to me that ordinary people are extremely underestimating the pace of AI progress and, above all, its capacity to transform the world.  
But this has been discussed often here. What I want to ask you instead is: how can I leverage this intuition?  
The best way I've thought of is investing. If AI has the ability to radically change the world and replace most jobs, then it will also be worth a ridiculous amount of money.  
Giving a precise estimate is impossible, but it doesn't seem hard to imagine that an ASI capable of creating fusion reactors, immortality (rejuvenation), and hundreds of new materials could be worth tens or hundreds of [trillions.So](http://trillions.so/), I started investing and learning about this world, but it seems to me that most of the advice, principles, and metrics used are useless.  
Things like the price-to-earnings (P/E) ratio and growth prospects are not useful if an ASI is created.  
Even among funds dedicated to AI companies and among investors betting on AI, it seems to me that they are still thinking with the wrong mindset.  
In fact, as soon as an ASI is created, a lot of companies will lose their value very quickly.  
What is the value of Nvidia if an ASI creates a better chip in 2 months? What value can software have (Office, Windows, whatever Palantir does) if an AI can program a custom operating system in half a day?  
Therefore, in my opinion, the logic for a long-term investment should be:

1. The quantity of physical resources available (datacenters, foundries, power plants, robots).
2. The ability to be the first (or among the first) to develop an AGI/ASI.

Based on these principles, I believe the best companies for the long term are:  
Google, ASML (creates the machines to make chips), TSMC, Amazon (owns a bit of Anthropic, and a bit of Digit (robots)), Microsoft (OpenAI, servers), Meta (although I doubt their ability to reach AGI first), Intel (foundries), Tesla (humanoid robots).

A possible problem with investing, however, is that we will most likely see a recession caused by job losses. It would be a great shame to invest now and not wait for the probable crash.What do you think? How are you approaching investments?",gianfrugo,2025-07-02 02:38:18,0,30,https://www.reddit.com/r/investing/comments/1lp82p8/how_do_you_invest_for_the_singularity/
Amazon,1ll6pw9,$NKE Earnings Today: Why Nike’s About to Lace Up and RUN! [DD],"Why I’m Bullish AF on Nike

1. Analysts are all doom and gloom, they expect $.12-.13 EPS. Expectations are so low, that even a small beat could send this thing flying.
2. New CEO, Nike is cozying back up with the big dogs: Dicks, Macys, Amazon etc etc, thanks to the new CEO Elliot Hill who is looking to turn this recent losing streak for Nike around.
3. Blue Chip Banger on a discount",chrissinvest,2025-06-27 02:49:44,0,10,https://www.reddit.com/r/investing/comments/1ll6pw9/nke_earnings_today_why_nikes_about_to_lace_up_and/
Amazon,1ljdjmz,"Investing for 15+ years, whats your recommended strategy?","Hello, I manage to invest 600-800€ per month living in Germany and this is my current pie. Would you recommend adjusting it or maybe making it completely different? Thanks for your opinions.

Vanguard S&P 500 (Acc) - 15%  
Apple - 13%  
Nvidia - 12%  
Microsoft - 9%  
Alphabet (Class A) - 9%  
iShares NASDAQ 100 (Acc) - 9%  
Amazon - 7%  
Broadcom - 7%  
Rolls-Royce - 7%  
Meta Platforms - 6%  
Unilever - 6%",nxstymatt,2025-06-25 00:06:21,2,34,https://www.reddit.com/r/investing/comments/1ljdjmz/investing_for_15_years_whats_your_recommended/
Amazon,1lhul3c,Advice about ethical investing?,"
So, for context, I’m from Spain and almost 30. I started investing around two years ago, when I didn’t really know how it worked. My biggest investment was my current house, which I bought for around 200,000€, and I’ve also put some money into the stock market sporadically (around 3,000€ total), investing in the classics like Amazon, Apple, Microsoft, Nvidia, and Coca-Cola, by buying individual stocks through Revolut, not funds or ETFs. 

I never invested in Tesla, Netflix, and some other companies because they go against my values (Elon Musk, subscription services, gas or arms companies, etc.). But over time, I’ve realized that many of the companies I have invested in don’t align with my morals either, especially after some of them publicly supported Trump (Meta, Amazon, etc.) or Israel (Carrefour, McDonald’s, and many more).

Now I’m dealing with an internal conflict. I want to make money, but not by supporting unethical companies. I’ve noticed that a lot of funds and ETFs also include these companies in different proportions, and the ones that don’t often don’t perform well. So it’s hard to find ways to invest that feel both profitable and principled.

I guess my questions are: how do you align your values with your investments? Do you think there’s a middle ground, and if so, how do you find it? Do you have any recommendations for specific companies, funds, or ETFs that are both ethical and profitable? Or would it make more sense to put the money into a high-yield savings account, crypto, gold, or something else?

All feedback is welcome.
",cheesebandita,2025-06-23 03:14:37,0,19,https://www.reddit.com/r/investing/comments/1lhul3c/advice_about_ethical_investing/
Amazon,1lck4ak,Is anyone here who beat the market (no etf in the portfolio),"As title says, is anyone who actually beat the market from last 10 years without any etf?

If yes then how your portfolio looked like in those 10 years? 
(I mean what was your tickers in the portfolio). 

I’m 30 years old and earn about $150k per year. 

Thinking to go all in stocks. I do have only 1 etf (VOO) and currently holding following companies for next 10 years:- Google, Uber, Amazon, Nvidia, Intel, ASML, UPS, TGT, ENPH, DVN, UNH. 

If I choose to sell my etf (around $40k) where should I put that money to? (Get the current holdings bigger or add few more tickers in portfolio?)

All your thoughts will be appreciated.",YourSecondFather,2025-06-16 13:45:32,20,135,https://www.reddit.com/r/investing/comments/1lck4ak/is_anyone_here_who_beat_the_market_no_etf_in_the/
Amazon,1lbbwgy,Visa and MasterCard will cede market share to Solana and Ethereum,"With the news today that Amazon and Walmart are thinking of getting into stablecoins,  both visa and MasterCard had a dip. I suspect, on a 10 year time horizon, MA and V could cede significant market share if stablecoin adoption on public Blockchains like SOL and ETH increase. Because, they eliminate the need for centralized card processors. 

Granted, a lot has to change. But I'm here sharing my thoughts on how these 2 blockchains could be long term winners in the payment space, real world assets, etc. 

Amazon/Walmart would need scalable and secure blockchains to issue and settle stablecoin transactions and both SOL and ETH are well positioned. 


Stablecoin transactions by millions of users = billions in daily onchain volume.

This boosts fees, validator revenue, network adoption, and long-term value of SOL and ETH coins. 


More tools, apps, and integrations are being built on Solana and Ethereum to support retail payments, loyalty systems, and financial services.

This strengthens network effects. 

Amazon and Walmart combined process hundreds of billions in annual payments.

Shifting that onto stablecoins cuts deeply into Visa/Mastercard’s volume and revenue.

Stablecoins shift the power from legacy players like V and MA and that’s a massive paradigm shift. 

Yes, yes, a majority of cryptos are straight up scams, but the underlying innovation that created this industry is very real and is evolving. I'm positively bullish on this outcome. ",Adventurous-Bet-9640,2025-06-15 00:51:52,0,50,https://www.reddit.com/r/investing/comments/1lbbwgy/visa_and_mastercard_will_cede_market_share_to/
Amazon,1lb4y1c,Growth stocks for next 10-15 years (no index funds),"I already have index funds and have 8 companies already in my portfolio just want to add another 4 or 5.

On my pick list its Amazon and ASML I just need few more growth names. As I have enough dividends plays such as UPS, UNH, TGT and DVN. So for now I want to focus on growth (I got google and UBER already)

Please write your thoughts on this. 

Thanks.",YourSecondFather,2025-06-14 18:48:12,71,105,https://www.reddit.com/r/investing/comments/1lb4y1c/growth_stocks_for_next_1015_years_no_index_funds/
Amazon,1l8jn6w,When to take profits and when to hold for 5-10 years?,"Let’s say you invest in Amazon or any stock for that matter.  Do you take profits at 20% 30% 50% 2X, etc.  If that’s the case, how would you ever make it big?  Like those who invested in NVDIA and sold when it doubled, how could they ever get to 5X or more?  Help me understand.  How long to hold a stock?",Fantastic_Escape_101,2025-06-11 13:27:29,33,60,https://www.reddit.com/r/investing/comments/1l8jn6w/when_to_take_profits_and_when_to_hold_for_510/
Amazon,1l7oifv,Hypothetical question about mass selling stocks.,"Can a majority stock holder sale every stock he owns? Was having a hypothetical conversation about Jeff Bezos giving all of his net worth to someone. If that someone receives all of his Amazon shares, can they sell all of them at once? Or is there a requirement that X% of shares must be held by executives, or is there a limit on share sells to not drop the share value? ",Patman1416,2025-06-10 12:17:00,0,14,https://www.reddit.com/r/investing/comments/1l7oifv/hypothetical_question_about_mass_selling_stocks/
Amazon,1kypsou,What companies are going to be around in 50 years?,"I know nobody here has a crystal ball, and I am not asking for what companies will be growing at 25% a year forever. But in your opinion, what companies are so entrenched in their sector and so crucial to our society that they will still be around in 50-75-100 years from now?

To me, companies like Google, Amazon, Visa, Mastercard, American Express, Walmart, Costco, FICO, Moody's, and S&P fit this mould. They are a part of everyday life, some so much that people don't think about them at all, but they are there every day regardless.

What other companies are gonna be here for the long haul?",Secondsayye,2025-05-30 08:44:21,61,298,https://www.reddit.com/r/investing/comments/1kypsou/what_companies_are_going_to_be_around_in_50_years/
Amazon,1kxuwud,"Everyone Sees AI coming, yet","Everyone Missed the Internet Rally (net on net) after the dot com bust majority of Investors hated Amazon only until 2015s+ did they start to believe.  Same with Netflix etc

Bitcoin- Everyone missed that early on and its still be debated whether it will keep going or crash.

AI- Seems like everyone is saying it’s here despite not really using it beyond chat bots.  

Is it possible every news source/investor has gotten this one correct and there are enough profits to go around? 

What will it take to make you believe AI is actually going to replace 99% of us.  ",SuperNewk,2025-05-29 07:44:13,0,26,https://www.reddit.com/r/investing/comments/1kxuwud/everyone_sees_ai_coming_yet/
Amazon,1krmdgk,"Best bargain today: Amazon, Alphabet, or Apple?","Looking at these three for the long-term, what do you like best?

Amazon at 33 is one of its lowest P/E levels ever, and even if tariffs slow spending, they're the lowest cost option for most people shopping online.

Alphabet's search downfall feels overhyped in a year of nerves.  They've got lots of other businesses, Gemini could be great for them, they're well managed.  P/E, 18.

Apple has seen a similar price dip, but.... At 32 its P/E is nowhere near cheap historically.  I don't know what I think about it.

Leaning Alphabet to start buying, interested in Amazon, leaning away from Apple. Appreciate your thoughts.

",jibboo2,2025-05-21 10:55:36,189,150,https://www.reddit.com/r/investing/comments/1krmdgk/best_bargain_today_amazon_alphabet_or_apple/
Amazon,1kq0o50,AMZN to new ATH despite tariffs?,Positions are 3 $240 march 20 2026 puts backed by 70k in TBIL.  The tariffs are of course bad for the retail side but it seems every quarter more and more of profits and revenue are coming from AWS all this AI is going to need data centers and hosting.  I picked $240 because that's just under the 52 week high.  I suppose maybe $230 would be safer but with AWS growing the way it is setting a new all time high in the next 2 years should happen.  If I get assigned above 200 I'll just sell a 2 week ATM or slightly OTM call and close out the position that way.  Shoved the entire premium into TBIL so the interest on that will should help magnify gains and offset some of the losses if I'm wrong.  I'm thinking if tariffs do stay at a blanket 10% Amazon will raise prices and 3rd party sellers will raise prices so profit margin will stay the same but revenue will be slightly inflated. ,Embarrassed_Durian17,2025-05-19 11:13:05,0,10,https://www.reddit.com/r/investing/comments/1kq0o50/amzn_to_new_ath_despite_tariffs/
Amazon,1ko5467,"Nvidia-backed Nebius (NBIS) is getting a Bezos Amazon AWS Bump - Both Companies Invest over $800,000,000 in Nebius Group AI Offerings","[https://investorsobserver.com/news/stock-update/nvidia-backed-nebius-nbis-is-getting-a-bezos-bump](https://investorsobserver.com/news/stock-update/nvidia-backed-nebius-nbis-is-getting-a-bezos-bump)

Investors in AI cloud startup Nebius Group (NBIS) have seen the stock rise 26.4% over the past week, driven by new backing from Jeff Bezos.

The Amsterdam-based company [announced](https://group.nebius.com/newsroom/nebius-welcomes-bezos-expeditions-as-lead-investor-in-ai-data-business-toloka) last week that the Amazon founder had become a lead investor in Nebius’ AI data solutions business Toloka.

The investment is being made through Bezos Expedition, which is the investment arm of Jeff Bezos.

In addition to Bezos, Toloka has also gotten an investment from Shopify CTO Mikhail Parakhin.

Terms of the investments were not disclosed.

""The demand for world-class AI data expertise is more urgent than ever,” Parakhin said in a statement.

“Toloka is uniquely positioned to meet this need, distinguished by its excellent engineering, strong research reputation, and proven ability to blend ML expertise with managing humans at scale and with scientific rigor.”

Parakhin will serve as the chairman of Toloka’s newly formed board of directors, while company CEO Olga Megorskaya will continue to lead the executive management team.

“Attracting world-class strategic investors like Jeff and Mikhail is a strong endorsement of the quality of Toloka’s business and leadership,” Nebius CEO Arkady Volozh said in a statement.

“As enthusiastic backers of Olga and the outstanding Toloka team since day one, we believe this is the best way for Toloka to accelerate its growth and capitalize on the enormous opportunities of the AI revolution.”

Nebius is maintaining a “significant majority economic stake” in Toloka (28%), but it is relinquishing majority voting control of it.",Proper-Plantain9387,2025-05-17 01:25:39,21,11,https://www.reddit.com/r/investing/comments/1ko5467/nvidiabacked_nebius_nbis_is_getting_a_bezos/
Amazon,1kl2flq,"Mega-caps will dominate the market long term (destroy my argument with logic, please)","**Thesis:** The largest mega-cap stocks will consolidate market dominance in the coming decades due to their privileged access to transformative technologies, structural advantages, and capital. Accordingly, portfolios with a bias toward mega-caps will tend to outperform others in the medium-to-long term.

**Argument:**

1. **The Trend Has Already Started.** Over the past ~5 years, U.S. mega-cap stocks have dramatically outperformed the broader market. For instance, the Magnificent Seven have collectively driven the majority of gains in the U.S. equities market (MAGS returned ~103% over past 5 years while QQQ returned ~60% and SPY returned ~41%—and the returns of Nasdaq and S&P would be significantly lower if MAGS’s returns were excluded). *Naturally, past performance is not a meaningful indicator of future performance under normal circumstances.* But I argue we are *not* in normal circumstances, and this trend is not a short-term anomaly. Rather, reflects deeper structural forces that are to likely persist, and even intensify.

2. **Entrenched Scale Advantages in the AI Age.** AI rewards scale, and the advantage of mega-caps in this respect is becoming deeply entrenched. Microsoft, for instance, has invested tens of billions into OpenAI. Google, Meta, and Amazon are pouring many billions into their own models. These giants have their sights set on owning the entire AI infrastructure, platforms, and ecosystems over coming decades. What will stop them from doing so?

3. **Data/Distribution Moats Will Be Unbridgeable.** The largest mega-caps today are comparable to old giants like Standard Oil. Standard Oil’s unparalleled control of oil enabled it to dominate the energy market in the late 1800s–early 1900s, gaining a near-monopoly and quickly becoming the largest corporation in the U.S. (Standard was dissolved by order of SCOTUS in 1911, but such an ending for the giants of today seems unlikely; we’ve grown tolerant of monopolies.) *Data is the new oil, and the largest mega-caps own the wells.* These companies control consumer platforms and cloud services that generate massive data: e.g. Google Search, YouTube, Amazon e-commerce, Facebook, Instagram, etc. Further, they control distribution channels — operating systems, browsers, cloud platforms. The long term value of these advantages is hard to overstate.

4. **Index Weighting and Capital Flows Feedback Loop.** Passive investing and index weighting dynamics favor the largest companies. As more capital flows into index funds and ETFs, those companies’ prices rise, and their index weight increases, leading to more inflows, which further inflates prices (“passive momentum” feedback loop). *This self-reinforcing cycle will contribute to the growing concentration of wealth in the largest mega-cap equities, accelerating the advantages they already have, boosting R&D investment, and facilitating their ability to acquire any companies that would compete with them.*

5. **As Result, Portfolios Tilting Mega-Cap Will OutPerform.** My argument, then, is that in the coming years and decades, it seems like portfolios that *tilt toward the largest mega-cap stocks* are likely to *outperform* the portfolios lacking such a tilt.

**Please destroy my argument with logic. I’d love to understand why I am wrong.**

Thank you for reading and engaging. God bless.",fingurdar,2025-05-13 05:03:17,0,24,https://www.reddit.com/r/investing/comments/1kl2flq/megacaps_will_dominate_the_market_long_term/
Amazon,1kkxm7t,"When would you sell Amazon, if ever?","Bought a few hundred shares back in 2016. Obviously way up. Current price around $208 with all time highs a few months ago around $240. I read some interesting comments from Jeff Bezos maybe a year or so ago. Paraphrasing here but his point was you shouldn’t be holding forever. Companies have a riding high lifespan. It was probably in the context of all the Amazon shares he sold once he established Florida residency.

Stock is ripping today on the China trade deal news. Are you taking any profit soon?

Don’t need the $ near term but I will feel like a big dummy if this was my best shot at cashing out and it drops tremendously in the next, idk, 10-15 years. ",PleasantMedicine3421,2025-05-13 01:56:07,141,123,https://www.reddit.com/r/investing/comments/1kkxm7t/when_would_you_sell_amazon_if_ever/
Amazon,1kkcpog,Is BroadCom a Solid Company to Add to the Roth??,"Most of my roth are reliable ETFs like VOO but I have like a small portion that goes to growth stocks that are solid and will increase my returns while im still young. These are low risk companies that I know will make me money in the next 30+ years like Amazon, Google, Apple, etc. I dont know too much about Broadcom but they seem to be pretty huge in the semiconductor industry. Is this another company that will reliably provide good returns in the next 30+ years like the faang companies? ",Fearless-Cellist-245,2025-05-12 07:06:16,0,14,https://www.reddit.com/r/investing/comments/1kkcpog/is_broadcom_a_solid_company_to_add_to_the_roth/
Amazon,1kjjd0h,"Is investing in stocks already heavily favored by ETFs smart? Furthermore, is 100% stock portfolios worth the risk?","I left a comment elsewhere which after posting it made me curious about making it a post. Forgive me if I spell something incorrectly, English is not my first language.

https://papers.ssrn.com/sol3/papers.cfm?abstract_id=4590406

So I read this paper about 100% Stock portfolios after watching a YouTube video on it (multiple out there).

And I wondered how I’d go about choosing the stocks I’d invest in. I did so because just last year I didn’t touch stocks but when I went on my app on my iPhone (Stocks) and saw how much I could have made had I just invested in stocks that were already a big presence in almost all of my ETFs the. I’d have more value to my name.

To look at it I viewed an era that had large fluctuations in which I invested in which lead me to 2019 to 2024 because in-between that we had the fed-induced boom and the crash that came before that along with other crazy fluctuations.

So for my example I used march 2019 to March 2024 (which had steep decreases and increases):

1.MSFT: 250.92% 
2.Apple: 248%
3.Meta: 176.44%
4.Googl: 149%
5.Amazon: 96.46%

1.QQQ: 140.45%
2.VTI: 84.34%
3.VOO: 81.39%
4.VT: 54.38%

Here is the Summary of percentages those sticks hold for each ETF:

1. QQQ: ~41.3%
2. VOO: ~22.2%
3. VTI: ~13.0%
4. VT: ~6.1%


It’s not like investing in Meta, Apple, Google, and Amazon is unheard of, they already make a huge part of all ETFs you come across that measure commonly used domestic indexes. So… is this the way? I truly want your critique on this because if it works it works and if not then it doesn’t, it’s not about proving I’m right it’s about maximizing my understanding of investing. 



Edit: I think people misunderstood and I didn’t articulate it well either. IM NOT PREACHING FOR 100% stocks but I want your opinions on it! I want to see if maybe it IS the way. I want to grow my knowledge on the topic.

For transparency I’m (23 M) currently at 51k
60% ETFs / 40% Stocks.",69philosopher,2025-05-11 05:19:59,17,85,https://www.reddit.com/r/investing/comments/1kjjd0h/is_investing_in_stocks_already_heavily_favored_by/
Amazon,1kiowey,Too many ETFs? (26 years old),"Hello everyone,

In my Vanguard taxable brokerage account, I have a mixture of ETFs and long-term stocks, like Amazon and Apple. Lately, I’ve started buying more ETFs than individual stocks. However, after further research, I’m concerned that I might have too much diversification with the ETFs now. What do you think? Here are my current shares:

1 EPS
1 IWY
1 PPA
1 QQQ
1 QQQM
2 SHLD
2 SPLG
1 SPY
3 VOO
1 VTI
1 XAR

I don’t want to sell too much and end up with heavy tax penalties next year. For reference, I also have a Roth IRA with a VTI and VXUS mixture. Any advice would be greatly appreciated!",cinemaquest1,2025-05-10 02:57:21,16,24,https://www.reddit.com/r/investing/comments/1kiowey/too_many_etfs_26_years_old/
Amazon,1kiahs6,Have some $ but novice investor - VOO/VTI or Individual Stocks,"As title states, new to all of this, and have $5-10k I want to invest. Of course, will keep adding to this monthly but this is what I’m starting with. Would it be smart to do all into VOO? Or VTI? Or individual stocks? I.e google, Apple, Amazon etc? I know everything with Trump has these individual company stocks pretty volatile - wish I bought in April, so joe just trying to see where best my cash (and continued contributions) would better serve. Any thoughts or comments? Thanks!",Abject_Buyer_8980,2025-05-09 13:59:45,8,28,https://www.reddit.com/r/investing/comments/1kiahs6/have_some_but_novice_investor_voovti_or/
Amazon,1ki4x0i,Finding value in investing in new technology,"The 4 largest hyper-scalers Amazon, Google, meta, and Microsoft are looking to supply clean energy to their data centers. With increasing demand from AI and Cloud based data it is becoming more and more difficult to find ways to supply energy, especially alternative energy. Nuclear energy has been growing as a form of clean energy and has been being used 16% more than 2024. I know there aren’t a tom of some of the big players in nuclear energy trading in the stock market. Which are your top companies for exposure in this market? You could either go the uranium route, or the production of fusion into nuclear power. There are not a lot of companies we can invest in at the moment. I was just wondering everyone’s thoughts on this energy as a sustainable long term solution to our upcoming energy problems pertaining to AI.",itsjolu,2025-05-09 08:52:50,8,4,https://www.reddit.com/r/investing/comments/1ki4x0i/finding_value_in_investing_in_new_technology/
Amazon,1khpnmf,LEAPS on strong companies after a drawdown,"I was hoping to get some input from anybody who had utilized this approach. I used to think of myself as a daytrader, did well for a while, and then became reckless and lost it all including most of the capital I started with. I had been messing with 0dtes (gambling) and essentially swore off options. 

However, as I'm looking at the market right now and looking to deploy 50k, I'm wondering whether leaps for 600 days or do could be just the thing to do. I am expecting big recoveries and growth for companies like Amazon, Meta and Nvidia. 

Please tell me about your successes and failures with LEAPs.",StophJS,2025-05-08 22:07:06,19,14,https://www.reddit.com/r/investing/comments/1khpnmf/leaps_on_strong_companies_after_a_drawdown/
Amazon,1keyjdr,New 100% Trump Tariff on Foreign-made Movies,"Trump just announced via social media that he is requesting a 100% tariff on foreign made movies. I'm wondering which companies this will affect most? Those that sell movies such as Amazon, or those that produce movies? Also, it seems like a strong indication that the tariff game is here to stay as a primary tool in his toolkit. Let me know what y'all think.",apacheseven,2025-05-05 09:18:22,864,335,https://www.reddit.com/r/investing/comments/1keyjdr/new_100_trump_tariff_on_foreignmade_movies/
Amazon,1kbdqk8,"It's earnings season and indications are that American companies are not free to speak honestly about the effects of Trump's economic policies. For example, yesterday Amazon said it wouldn't disclose why prices increase and Coca-Cola said they won't discuss tariff effects while reporting earnings.",[https://finance.yahoo.com/news/coca-cola-ceo-why-we-wont-be-revealing-tariff-costs-to-consumers-193337221.html?.tsrc=372&ncid=crm\_-1640585-20250430-1--A&bt\_user\_id=AEvAOvVrAfgzxVtPgUEEinuq2a42mtHpHi%2FIFGmYwFY1Cx3BJ4L6LiCvnENURqC719ODzFibbkUEgzABxpzlu6yT2GGRo%2B3zQ9RuMXyjuM78rHfS0WyH7xpj4VO4QDzZ&bt\_ts=1746007229263](https://finance.yahoo.com/news/coca-cola-ceo-why-we-wont-be-revealing-tariff-costs-to-consumers-193337221.html?.tsrc=372&ncid=crm_-1640585-20250430-1--A&bt_user_id=AEvAOvVrAfgzxVtPgUEEinuq2a42mtHpHi%2FIFGmYwFY1Cx3BJ4L6LiCvnENURqC719ODzFibbkUEgzABxpzlu6yT2GGRo%2B3zQ9RuMXyjuM78rHfS0WyH7xpj4VO4QDzZ&bt_ts=1746007229263),davida_usa,2025-04-30 20:06:59,941,104,https://www.reddit.com/r/investing/comments/1kbdqk8/its_earnings_season_and_indications_are_that/
Amazon,1kbdq6w,How will you bet on the market given the looming shortages and price increases?,"What do folks think the best strategies will be for profiting from the upcoming supply shortages and price increases?

I don’t think the market has priced this in, and it’s not immediately clear which industries/companies will most feel the pain.

My hypothesis is that there will be shortages on a wide array of goods, considering how much shipping traffic to the US is going down. And of course, retailers will try to recoup as much of tariffs as possible. Small businesses will be hurt the most -  not sure if there is a second order effect here that could be interesting (e.g., public companies that generate a lot of revenue providing services to small companies).

This feels a lot like COVID, when it was obvious it was coming but the market didn’t appreciate it. In that case, I bought puts on the S&P (prob an ETF, don’t remember) and did relatively well. But not sure if a broad bet this time is right, because some industries won’t be as affected.

For instance, maybe Amazon or Walmart takes a hit because they can’t source enough goods and prices go up. Is there an interesting ETF focused on retailers that you could bet against?  Or maybe there are medium sized retailers already on the ropes who get walloped. What’s your thinking and supporting data/evidence?",VizslaMoose,2025-04-30 20:06:22,33,52,https://www.reddit.com/r/investing/comments/1kbdq6w/how_will_you_bet_on_the_market_given_the_looming/
Amazon,1kau9uo,Amazon Tariff Labels Trigger Political Backlash — Shares Drop 2%,"Amazon will soon display a number next to the price of each product indicating the tariff rate applied.

The White House called this a hostile and political action by Amazon.

CNBC: Amazon clarified that it is only considering showing tariff surcharges on low-cost, frequently purchased products (haul products), after reports that Amazon wanted to display tariff costs for each product, which the White House called hostile and political and sent Amazon shares down 2% this morning.",888_888novus,2025-04-30 02:51:32,1403,238,https://www.reddit.com/r/investing/comments/1kau9uo/amazon_tariff_labels_trigger_political_backlash/
Amazon,1k7lo3l,Building Nuclear Power Plants to support Quantum Computing - Companies & Stocks,"I am interested in taking a long term gamble on what I think is the next revolutionary change to technology as we know it in Quantum Computing. I'll be the first to admit I have little to no clue about its capabilities and what ""problems"" it is even supposed to be solving... all I know is that it is a computer on steroids and takes a TON of energy to operate and believe PE firms and Silicon Valley nerds will be pushing and selling the need for this as soon as AI is up to real time speed in the next few years. 

That being said, these computers need massive cooling systems and nuclear power is the best way of harnessing this energy. Amazon, Google, IBM, Microsoft, Intel, etc. are all starting their Quantum builds but like I said, I believe it's currently taking a back seat to get AI up to full functionality. 

Those are the companies who are building the computers, but are y'all aware of any public or private companies that are or are planning on building the plants to power these things? I'm somewhat familiar with Oklo Inc., Vistra Corp, and GE Vernova but was wondering if any of y'all see any potential diamonds in the rough or companies who hold a significant advantage to it's competitors. 

Thanks for your input and good luck",spjones20,2025-04-25 23:00:46,0,15,https://www.reddit.com/r/investing/comments/1k7lo3l/building_nuclear_power_plants_to_support_quantum/
Amazon,1k6mho5,Is it too late to jump in PLTR?,"Someone told me might be good to ask here so..

In late December 2024, I read an article predicting PLTR could hit $100 by the end of 2024. The stock was around $82 then, and I doubted it would climb that fast after a 380% gain for the year.

I thought it would take years to reach $100. But on February 4, 2025, PLTR crossed $100 following strong Q4 earnings, even reaching $124.62 on February 18. I regret not taking it seriously, and now at $100.82 as of today (April 24, 2025), I’m wondering if it’s a good time to buy and hold through the next earnings on May 5.

Here’s what I saw last year. The article used 2023 numbers (revenue $2.2B, free cash flow $400M, 2.2B shares outstanding, market cap $78B at $32/share). It predicted revenue growth to 2030 with three scenarios Bull at 30% yearly growth, Base at 20%, and Bear at 15%. They thought free cash flow margins would hit 30% by 2030, used a 10% discount rate, and a 3% growth rate for terminal value. The estimated value per share was $75-85 (Bull), $40-50 (Base), and $30-35 (Bear).

So $100 by 2030 seemed like a stretch unless PLTR did better than the Bull case or got a high valuation boost. I didn’t think it would hit $100 in just one year.I was wrong. PLTR grew faster than expected. Q4 2024 revenue was $828M, up 36% from the year before, and they forecast 2025 revenue at $3.74B to $3.76B, well above the Base case. Q4 adjusted operating income was $297M, and full-year 2024 revenue reached $2.87B, up 29% from 2023.

The stock went up 340% in 2024 and another 50% in 2025 so far, driven by AI demand and retail investor interest. PLTR joined the Nasdaq 100, and their U.S. commercial revenue grew 64% in Q4. A NATO deal announced on April 14, 2025, has kept the momentum going, and X posts show investors are hopeful about PLTR’s future. Now I’m unsure. The stock has fallen to $100.82 from its February peak of $124.62, down 19%. Some analysts say it’s overpriced with a forward P/E of 158 and a P/S of 81, and they worry about Pentagon budget cuts since government contracts are 67% of revenue.

Others are optimistic, pointing to AI growth and partnerships with Microsoft and Amazon. The 2025 tariffs (25% on Mexico/Canada imports, 20% on Chinese imports) don’t directly affect PLTR since they focus on AI and defense, but market volatility from tariffs has impacted tech stocks, and PLTR dropped when the Nasdaq fell 11% in March. Earnings are on May 5, and analysts expect a move.

PLTR often rises after earnings, up in 3 of 4 quarters in 2024, but some say expectations are high, and a miss could lead to a decline. Management forecasts 36% growth for Q1 2025, and they usually beat guidance a bit. I’m thinking of buying now to hold through earnings, hoping for an uptick, but the high P/E makes me nervous, and I don’t want to buy at a high point.

Is $100.82 a reasonable entry point, or am I too late? Should I wait for a larger dip, or buy now to catch a possible May 5 earnings boost?",Icy_Abbreviations167,2025-04-24 16:39:09,0,42,https://www.reddit.com/r/investing/comments/1k6mho5/is_it_too_late_to_jump_in_pltr/
Amazon,1jv8807,Amazon Cancels Some Inventory Orders From China After Tariffs (AMZN) - Bloomberg,"[https://www.bloomberg.com/news/articles/2025-04-09/amazon-cancels-some-inventory-orders-from-china-after-tariffs](https://www.bloomberg.com/news/articles/2025-04-09/amazon-cancels-some-inventory-orders-from-china-after-tariffs)

If folks can't find or afford items on Amazon would Ebay be the play here?  I can see a sudden surge in reselling used items.",Awardlesss,2025-04-10 00:14:02,45,5,https://www.reddit.com/r/investing/comments/1jv8807/amazon_cancels_some_inventory_orders_from_china/
Amazon,1jv6nmw,"Stocks on my watchlist, any suggestions?","I'm currently holding 90% cash and plan to buy these if they dip a bit more. Does anyone have any other suggestions I should consider adding?( I am a longterm investor)

Amazon

Uber

Pinterest

Micron

Reddit

Visa

Ferrari

Microsoft 

Rycey

Novo Nordisck

Nvidia",johnstack12,2025-04-09 23:07:29,0,18,https://www.reddit.com/r/investing/comments/1jv6nmw/stocks_on_my_watchlist_any_suggestions/
Amazon,1jregt3,Need some advice on what to do with my portfolio.,"I had $6000 at peak invested in 6 stocks on Fidelity app. Amazon Microsoft Tesla SPGY SPY TSM and finally NVIDIA.

Heres my problem. I have 1 share of every other stock but I have 26 shares of NVIDIA, I bought low at 120 expecting another peak to sell around 140 to then redistribute among my current stocks and even widen my margin. But now NVIDIA has plummeted to $93 a share and I’m down $500 if I sell now. 

Do I hold and wait to break even then redistribute or do I take my loss and wait for better days with a more diverse portfolio. Thanks",Boring_Most_5343,2025-04-05 00:20:05,1,4,https://www.reddit.com/r/investing/comments/1jregt3/need_some_advice_on_what_to_do_with_my_portfolio/
Amazon,1jraxlz,"Those who are 100% cash or close to it, what are you waiting to happen before you open a position.","I'll preface this by saying I'm 100% cash and waiting patiently on the sidelines to go all in on Amazon when it reaches a a certain price ( I've done this three times to amass wealth ), but if you're like me all cash, what indicators are you looking for before you enter the market ? Thanks.  

*Edit sorry if this came across as gloating, or some kind of flex.  I made some money during COVID and pulled out of the market back in 2023.  I actually missed out on all the gains of 2024 when the stock market rallied as I had a kid and lost my risk tolerance.  I'm not sure why this has caused so much hate and abusive inboxes with people going through my post history.  I'd actually forgotten how toxic Reddit is, but to those of you who actually just answered my question, because that's all it was, good luck out there.  ",Pleasant-Proposal-64,2025-04-04 21:42:21,239,491,https://www.reddit.com/r/investing/comments/1jraxlz/those_who_are_100_cash_or_close_to_it_what_are/
Amazon,1jqkxrl,Private investing question - code vetting,"For those who invest institutionally in private technology companies, is there a firm you trust for vetting code and related infrastructure? I’m looking for a shop that can review a codebase in Python in an environment and associated scripts, etc. that involve Amazon EC2, S3, and VPC, docker, and bash on linux.",CentralHarlem,2025-04-04 00:08:58,0,3,https://www.reddit.com/r/investing/comments/1jqkxrl/private_investing_question_code_vetting/
Amazon,1jmr0ou,Should I keep SCHD in my portfolio?,"In my early 20’s. I heard it’s better to focus on market gains as opposed reinvesting dividends, is that generally true? 

Roth IRA
* FXIAX : 40% 
* QQQM : 45% 
* SCHD : 15% 

Basic account
* Tesla: (20%) 
* Apple: (10%) 
* Google: (15%) 
* Nvidia: (20%) 
* Microsoft: 20%) 
* Amazon: (15%)",Popster962,2025-03-30 02:09:32,9,83,https://www.reddit.com/r/investing/comments/1jmr0ou/should_i_keep_schd_in_my_portfolio/
Amazon,1jlfzm7,Everyone's flooding Reddit with AI-generated memes and images—who sells the hardware to store it all?,"So with the new GPT4o image update making insanely realistic images and memes, everyone and their mom seems to be flooding Reddit, Twitter, and other socials. All this content has to be piling up on hard drives somewhere, right?

I started wondering, who's making money from supplying all that storage hardware behind the scenes?

Turns out AWS (Amazon) and Azure (Microsoft) get their storage from major companies like:

Seagate (STX) and Western Digital (WDC) for traditional HDDs and SSDs.

Micron (MU) and Samsung for flash storage (NAND SSDs).

NVIDIA (NVDA) and AMD (AMD) for GPUs and CPUs powering AI workloads.  Nvidia obviously gets all the attention right now.

Arista Networks (ANET) and Broadcom (AVGO) for network hardware.

Supermicro (SMCI) for custom-built servers.

AI isn't slowing down anytime soon, so it seems like investing in these storage and infrastructure suppliers will be a good investment for a long time.

",Beneficial-Hall-6050,2025-03-28 07:40:01,65,54,https://www.reddit.com/r/investing/comments/1jlfzm7/everyones_flooding_reddit_with_aigenerated_memes/
Amazon,1jkj3ja,Is Dollar Cost Averaging into US Stocks a good investment strategy?,"I currently put around 300$ bi-weekly into my investment account, and that goes into an all in one ETF. 

I was thinking of adding another 200$ bi-weekly into some individual US Stocks, mainly Apple, Amazon, Costco, Visa, and Berkshire. I plan on doing that for at least 20-40 years. 

I’m 25 years old and these are funds that I won’t need till I retire, and even then, I would be drawing very small amounts.

Is dollar cost averaging into individual stocks a good investment strategy?",Gix-99,2025-03-27 03:37:57,1,33,https://www.reddit.com/r/investing/comments/1jkj3ja/is_dollar_cost_averaging_into_us_stocks_a_good/
Microsoft,1mcqpz8,Why Choose S&P 500 Over Nasdaq 100? Convince Me Nasdaq Isn’t the Obvious Best Choice,"Hey,
I’ve been investing solely in the S&P 500 for a while now, and I like its broad exposure to 500 companies across all sorts of sectors. It feels like a safe, steady bet with solid returns (around 10.5% annualized historically). 

But lately, I’ve been eyeing the Nasdaq 100, which seems to crush it with higher yields. The Nasdaq’s tech-heavy focus, with giants like Apple, Nvidia, and Microsoft, makes it look like the obvious choice for maximizing gains.

I’m wondering if I’m missing out by sticking with the S&P 500’s slower, diversified approach. 

Why should I keep my money in the S&P 500 instead of jumping to the Nasdaq 100 (like QQQ) for that sweet growth? Is the diversification really worth it when tech seems to dominate?


Edit: I didn’t expect all those replies thanks for sharing your prospectives!",Embarrassed_Steak309,2025-07-30 08:16:15,163,266,https://www.reddit.com/r/investing/comments/1mcqpz8/why_choose_sp_500_over_nasdaq_100_convince_me/
Microsoft,1mc0rwd,Curious what do you all think about cloudflare (NET),"I like cloudflare as a product. I also worked with some engineers from there and generally believe they have excellent talent, excellent execution and excellent product. Their free product is something that would cost you few thousands dollars on AWS or Azure. Their paid product is pretty much unmatched except for companies with extremely deep pockets. 

The scale of the company, the amount of public internet traffic that flows through them is mind boggling. They have positioned themselves to benefit from any internet wide phenomenon at a pace that no other company can match. Case in point, blocking/charging AI bots. It’s the current fad, sure, and many other services sprung up to deal with that. However, all the big websites are already using cloudflare, and Cloudflare upsell is how they run their business. Which brings me to the second point; how cloudflare runs their business.


As I mentioned Cloudflare has a free tier that’s insanely generous. Their paid plan is also ridiculously cheap. It’s a no-brainer for any business to get a couple of niceties but it’s also clearly a loss leader. They make all their money analyzing those users usage patterns and calling up those companies to upsell them on other various (often significantly more expensive) services cloudflare offers. They go through cycles of firing all their sales teams, working on products, then hiring a sales team to sell them to their biggest clients, rinse and repeat. I can easily imagine the amount of calls and contracts they can very easily close with a “Just click that button and you’ll block (or get paid by) AI bots”

The ugly part is their financials. They are not a young company (15 years old), but they have also never turned a profit. They have 50% their revenue YoY 18-22, though slowed down to 34% and 28% for 2023-2024. All of their cash flow is diluted by their employees and CEO stock options. 

I was watching it on IPO back in 2019 and remember thinking I’ll wait until they turn a profit. Then I decided to get into 10k in Jan of 2021 ($72 cost basis) thinking I’ll just buy it and forget it. 4 years later and still no profits. I’m up significantly of course. I wanna think that this has no way to go but up in 10 or 20 years. But I keep reminding myself that the company is already 15 years old. I’m waiting for the earnings call this week. Expecting (hoping for?) a significant revenue jump, but not expecting profits sadly. 


My biggest worry is not fully knowing how big that moat I mentioned is. It’s not rocket science to replicate, so not Nvidia, TSMC, ASML type moat. It’s more about the execution and logistics. Microsoft, Amazon, Google cloud drop a Cloudflare competitor yesterday. In fact they all have various “close enough” offerings that are just insanely expensive because they don’t operate anywhere near the efficiency of Cloudflare in that domain. ",bumble2100,2025-07-29 12:20:15,6,8,https://www.reddit.com/r/investing/comments/1mc0rwd/curious_what_do_you_all_think_about_cloudflare_net/
Microsoft,1m86k3r,Should I diversify out of google?,"Right now I have an investment account, with about 700 shares of googles worth around 110,000, which makes up about half to a third of my 250,000~ $ portfolio. I’ve made some good choices with my other stocks like buying nvidia in 2022, (up 30 grand on that one) other mixes includes blue chip tech stocks like Apple Microsoft, aswell as the s&p 500. I like google and it’s a strong company but I also think that I have too much of it.",Dear-Head-5035,2025-07-24 23:54:32,23,47,https://www.reddit.com/r/investing/comments/1m86k3r/should_i_diversify_out_of_google/
Microsoft,1m7qp80,Invest in Individual stocks of S&P 500 to beat it?,"If the majority of years of the S&P500 are UP

Give me reasons why I should not invest in the top individual stocks of the S&P500 and VOO????

This give me larger growth to increase my portfolio while still being in VOO. 

I would buy the following stocks 

2.	Microsoft (MSFT)
3.	Nvidia (NVDA)
4.	Amazon (AMZN)
9.	Eli Lilly (LLY)
10.	Broadcom (AVGO)
11.	Tesla (TSLA)
13.	JPMorgan Chase (JPM)

+

VOO
",SnooPets6005,2025-07-24 10:00:36,115,330,https://www.reddit.com/r/investing/comments/1m7qp80/invest_in_individual_stocks_of_sp_500_to_beat_it/
Microsoft,1m4dlx5,Just hit small goal. Where do I go from here?,"I am looking for advice as I try to take investing more seriously. My Robinhood just hit 1k and I have my first 1k saved in a HYSA but feel as though I can be more efficient moving forward. 

My portfolio is about 45% Crypto (BTC). 35% 
 ETFs (QQQM, SCHD, SPHD) The remainder of my portfolio are small shares in stocks like Apple, Microsoft, Netflix, and Pfizer. 

How can I best invest $2k in bulk? I usually invest $200 a month but have some money I want to invest smartly. My goal is invest as long as possible as l have time on my side being in my 20s. Should I put it all in my Robinhood and continue to spread amongst my ETFs and Stocks? Should I put some in my HYSA (3.6%)? Should I mainly focus on ETFs? Or add something else into my portfolio? I do not get paid much monthly but get some nicer checks here and there.

Any guidance is appreciated as this is the very beginning for what I hope to be financial freedom.
",httrfrom301,2025-07-20 11:19:06,6,26,https://www.reddit.com/r/investing/comments/1m4dlx5/just_hit_small_goal_where_do_i_go_from_here/
Microsoft,1m4cx4d,Which stocks (list inside) will you buy (and why) if the market dips significantly?,"How I came out with this list is due to a few reasons

1. MAG 7 + super big caps like Broadcom, Eli Lilly and Netflix
2. The rest are a few stocks inside Adam Khoo's portfolio. He calls those stocks his long-term keep. (Adam Khoo is a stocks investing teacher)

The list

1. Nvidia
2. Microsoft
3. Apple
4. Amazon
5. Alphabet
6. Meta
7. Broadcom
8. Telse
9. Eli Lilly
10. Visa
11. Netflix
12. Mastercard
13. Costco
14. Palantir
15. Salesforce
16. ServiceNow
17. Booking
18. Fortinet
19. Celsius",Savings_Enthusiasm60,2025-07-20 10:43:47,0,34,https://www.reddit.com/r/investing/comments/1m4cx4d/which_stocks_list_inside_will_you_buy_and_why_if/
Microsoft,1m117vv,Seeking portfolio optimization advice rolled over Ira,"
Hello,
I recently rolled over approximately $15,000 from my previous employer's 401(k) into a Fidelity IRA. My goal is to build a strong, long-term growth portfolio by evenly investing in stocks, with ongoing monthly contributions.
Here's my initial allocation breakdown for the $15,000:
 * Technology/Growth:
   * Microsoft (MSFT): $2000
   * Apple (AAPL): $2000
   * NVIDIA (NVDA): $1,500
   * Amazon (AMZN): $1,000
   * Palantir (PLTR): $1,000
   * Snowflake (SNOW): $1,000
   * Super Micro Computer (SMCI): $1,000
 * ETFs (Tech-Focused):
   * Invesco QQQ Trust (QQQ): $1,500
   * VanEck Semiconductor ETF (SMH): $1,500
 * Consumer/Healthcare/Staples:
   * Visa (V): $750
   * Costco Wholesale (COST): $750
   * Procter & Gamble (PG): $1,000
   * Johnson & Johnson (JNJ): $1,000

My Objectives:
 * Long-term capital appreciation.
 * Diversification across promising sectors/companies.
 * Consistency with monthly contributions.
Questions for the Community:
 * Given my initial selections and goals, do you have any suggestions for optimizing this portfolio?
 * Are there any particular stocks you would add, remove, or adjust the weighting of?
 * Are there any sectors or types of companies I might be overlooking for a ""strong portfolio""?
Any insights or recommendations would be greatly appreciated as I look to build a robust investment foundation.
Thank you!
 ",idontcarelolmsma,2025-07-16 11:37:15,4,11,https://www.reddit.com/r/investing/comments/1m117vv/seeking_portfolio_optimization_advice_rolled_over/
Microsoft,1lvnya7,NVIDIA tops $4 trillion market cap,"The NVIDIA company has topped $4 trillion dollars in its market cap. This puts the company ahead of early rises such as Apple and Microsoft and makes it the first company to reach the four trillion dollar milestone.

Earlier this year NVIDIA took a dive as people questioned its value in the AI market, especially with DeepSeek promoting AI models on less expensive hardware. Now it's back up and at record highs, both for the market and the company.

Do you think we'll see NVIDIA climb higher, or is the shine starting to wear off the AI bubble?",daemonpenguin,2025-07-10 01:56:20,152,41,https://www.reddit.com/r/investing/comments/1lvnya7/nvidia_tops_4_trillion_market_cap/
Microsoft,1luypet,IonQ The Next Disruptive Opportunity In Quantum Computinginformation!,"IonQ is leading quantum computing with advanced trapped ion technology and expanding into quantum networking with the aim of building a disruptive quantum internet.

The hybrid business model - hardware sales plus quantum computing-as-a-service - enables IonQ to realize scalable growth and attractive future margins through its cloud platform.

Despite high cash burn and industry uncertainty, I expect IonQ to be cash profitable by 2028-2029 with significant upside potential.

Given IonQ's technological strength and strategic direction, I recommend buying the stock with a target price of $97, despite the inherent risks.

I see a landmark investment opportunity in IonQ, a leading company in the quantum computing industry that has made significant advances in ion trapping technology, enabling room-temperature operation, high-fidelity quantum gates, and a clear roadmap for scaling. The company has expanded its business model to include quantum networks, which are easier to commercialize and provide IonQ with all the elements needed to build the so-called “quantum internet” - a global alternative network of quantum servers and connections. All the elements needed to build what is known as the “quantum Internet” -- a global alternative network of quantum servers and connections. Finally, the company has adopted a hybrid market-entry strategy that appeals to me, combining hardware sales to some customers with a commercialization model that sells quantum computing services to others.

The high level of uncertainty makes it difficult to arrive at a definitive valuation; however, I am fairly confident that the company can establish a price of $97 per share, and I therefore recommend purchasing the stock.

In today's world, most people consider quantum computing to be an esoteric science. What's more, on January 8, 2025, NVIDIA CEO Jen-Hsun Huang declared at NVIDIA's Consumer Electronics Show Financial Analysts Event, ""If you're saying that 15 years from now there will be very useful quantum computers, that's probably too early. If you say 30 years from now, it's probably too late."" A few days later, he realized his comments were overblown and changed his mind. As evidence, NVIDIA has software CUDA-Q dedicated to quantum computing.On June 11, 2025, Jen-Hsun Huang announced that quantum computing is at a turning point. I think it's time to consider the opportunities in this industry. Previously, I analyzed D-Wave.

Leading Quantum Computing Companies

Most quantum companies are in the experimental stage and are still using unproven technologies even when they commercialize them. The only company with higher revenues is D-Wave Quantum Inc.; however, D-Wave Quantum uses quantum annealing, a technology that focuses on solving optimization problems for narrow application scenarios. IonQ is, in my opinion, the most advanced company in the industry using ion-trap quantum bits. The company's $1.075 billion acquisition of Oxford Ionics will advance this technology, which is expected to reach 256 physical quantum bits by 2026 and 2 million quantum bits by 2030, solidifying its leadership position.

With this technology, the company can operate at room temperature without cryogenic cooling. The miniaturization effort reduces materials, which saves energy and lowers computing costs. In addition, the company's computing systems are among the most reliable, with 99.9 percent fidelity on its barium platforms (especially the Tempo system).

Quantum Internet

The company has expanded into quantum networking, which allows it to leverage technologies such as photonic interconnects and quantum repeaters to deliver new ultra-high-speed networking platforms ranging from terrestrial fiber optic networks to space infrastructures. These capabilities further enhance IonQ's leadership position, giving it the ambition to disrupt the computing and communications industry. I'm not sure the company can achieve this goal, but I take its strategic direction very seriously.

The company has grown this business both endogenously and externally. Over the past few months, the company has made strategic investments in its quantum networking business, including Qubitekk, ID Quantique, Lightsynq, and Capella. through these acquisitions, the company will be able to design, build, and integrate hardware and software for quantum networks and develop quantum security and quantum detection systems, such as the one Qubitekk offers. systems provided by Qubitekk. In addition, the company will be able to extend network distances using quantum repeaters and develop quantum space communications.

Mixed Market Entry Strategies

In my investment screenings, I look for companies that are trying to disrupt the world, and IonQ has been ambitiously trying to do just that with quantum computing, and today they are even disrupting the Internet with quantum networking. Crucially, they're trying to sell it as a platform; their mission is not just to be a hardware provider. Obviously, in its infancy, the company developed multiple commercialization models, both as a hardware provider and as a platform provider.IonQ has been working closely with its customers, primarily government agencies, and conducting experiments with them. Instead of a product, they have a specialized set of solutions that include custom cooling systems, unique isolation systems, and specialized electromagnetic shielding. These systems are the Harmony or Aria systems. The latest systems are standardized, modular, and scalable, and are ready for use in data centers, enabling them to be used as a service.IonQ is the only quantum company that offers its services through the three major cloud service providers (Amazon Web Services, Microsoft Azure, and Google Cloud). This Quantum Computing-as-a-Service (QCaaS) model is very attractive to me because it offers higher margins and a network platform that can leverage the network effect, thereby protecting it from competition.

Path to Profitability

The company has been a huge cash burner over the past 12 months. Operating cash flow was negative $164 million, which is higher than the 2024 cash burn of $85 million. The outlook for the company doesn't seem too promising.

However, I think the company is at a turning point. The company has a relatively mature product that has proven beneficial to its customers. IonQ now has a robust new quantum networking business that is more profitable than quantum computing. The company is expanding cautiously despite its capital consumption, and I expect it to continue to improve.

Valuation

The emergent nature of IonQ makes my 10-year model insufficient to forecast cash flows. Therefore, I extended the evolution of free cash flow to 250 years and considered several scenarios. All scenarios are based on the assumption that the growth rate of free cash flow decreases until it reaches 3%. 3% growth rate indicates that the company is growing in line with the economy as a whole, which means that it is not able to differentiate itself from the competition, and that the industry as a whole is growing in line with the economy. It will take at least 17 years to reach this state, which I think is quite conservative in this disruptive industry.

You can observe that in Scenario B it takes 2042 and 2045 to reach a 3% growth rate, whereas in Scenario C it only takes three years. The effect of this change is that the stock price rises from $19 per share in Scenario B to the current $41 per share in Scenario C. I believe that Scenario A is very feasible because you can stabilize the business at a 3% growth rate in 2050 with a stock price of $97 per share. My conclusion is that any numerical valuation is too sensitive to achieve a reassuring figure. However, I foresee a scenario where the value of the business exceeds its current share price. With a beta of 3.62, cash flows are discounted at a weighted average cost of capital (WACC) of 18.2%. The risk-free rate is 4.5%. The company is leveraged at 5% and using equity as market capitalization, I consider that the company has $328 million in excess cash.

Risks

The quantum computing industry is fraught with uncertainty, and IonQ's business even more so. Quantum performance is expected to outperform traditional computing. However, at NVIDIA's GTC conference, simulations using Ansys software achieved only a 12% time improvement, which is not particularly impressive if their goal is to disrupt the computing world. If the improvements in quantum computing aren't significantly better than traditional computing, revenue growth won't be as high. This would have a huge impact, and I estimate that my valuation could fall by more than 50% from the current share price. The probability of this happening is low, as quantum technology has shown some stability and its own potential far exceeds that of traditional computing.

In this paper, I have explored IonQ's competitive advantages, which are significantly better than those of its competitors, and a more comprehensive and integrated business model. As a result, I do not believe that competitors will eat into much of the company's market share. However, margins are likely to decline further. Gross margins have declined from 74.7% in the first half of 2022 to 50.1% last year. 2022 EBITDA was negative $89 million, compared to negative $234 million last year. Whether margins will decline further in the future is uncertain. Sales and marketing costs are likely to be higher and customer acquisition costs will be higher than expected.",Aluseda,2025-07-09 05:01:43,0,1,https://www.reddit.com/r/investing/comments/1luypet/ionq_the_next_disruptive_opportunity_in_quantum/
Microsoft,1lszcev,Sell it all for real estate?,"Asking for opinions!

I have around 1.1M in stock, with around 800K in long term gains. This is 90% Palantir, Microsoft and Apple. The rest is tech mid caps.

Looking at projected risk of increasing inflation, I’m considering selling it to buy another under construction property that I like worth about 0.9M (I need to make a decision on that today or tomorrow). My rough estimate for capital gains taxes is around 240K, so I’ll pull out the extra cash needed from some other accounts (like a HELOC) on my current home.

If this goes through I’ll probably sell my current home in a 3-4 months and net around 400K in equity after paying off the HELOC and primary mortgage. Then I can start buying back some of the positions in blue chips.

My goal is to have a paid off house…


EDIT - adding context:

I’m nearly 60, one of those dinosaurs who knows how things work in the hardware tech world… I’m now taking up a new position doing something that I love, however at a lower pay.

Why the new house and why pay it off? For several decades, I’ve lived within a few miles away from wherever I worked. This new house is very close to my new position. Absolutely NOT a fan of long commutes.

My retirement is projected to grow to 2M+ by the time I retire (aggressive growth and income mix). My cars are all paid off.

My thinking is that the 400K from my current house sale should generate 40-50K in growth ETFs such as JEPQ and equivalents. I’ll let it compound until I feel like I’m done with working or if there’s a layoff. 






",shantired,2025-07-06 20:50:06,0,7,https://www.reddit.com/r/investing/comments/1lszcev/sell_it_all_for_real_estate/
Microsoft,1lqu3ke,Dump nvidia based on Microsoft news?,"Two years ago I yolo’d a large portion of my cash into nvidia.  

It’s performed fantastic and I was thinking of holding long term, however now that Microsoft has announced their chip, I’m concerned about the long terms prospects of nvidia. 

Should I take profits and diversity? Hold? About 60% of my portfolio is in nvidia 

What would you do in this case? 

",718nycguy,2025-07-04 01:32:42,0,16,https://www.reddit.com/r/investing/comments/1lqu3ke/dump_nvidia_based_on_microsoft_news/
Microsoft,1lptsmr,Thoughts on my portfolio at 18?,"Hey, I'm 18 and i live in RO {Europe). I get around 200-300 EUR per month from scholarships and allowances. i would be willing to invest around 60 EUR per month, maybe 80 or 90 EUR if i catch on well.

I don't have a clear objective (house/car etc.) but i'd like to basically maximise this money in a year with a risk tolerance of losing maximum 50% of the investment. After this year i will end college and i will probably get a job allong with uni.

I don't have anything invested yet. I tried investing 50 USD in some stocks (MEG, NVDA, BAC, CRM) in february, but then sold them in under a month with a 10USD loss because i had a low risk tolerance. I have also invested 52USD in BTC but sold it too with only 1 USD difference.
I have no debts and no utilities to pay except gym membership and some meals.

Do you guys have any recommendations for me? i just opened an account on trading212 and I made a portfolio that consists of:
17% Microsoft
15% Apple
15% Tesla
10% Amazon
10% Shell 
9% Mastercard
8% Cloudflare
8% Nvidia
8% Roblox",FearlessWorker6498,2025-07-02 20:50:30,0,12,https://www.reddit.com/r/investing/comments/1lptsmr/thoughts_on_my_portfolio_at_18/
Microsoft,1lp82p8,how do you invest for the singularity,"I am convinced that we will probably reach AGI (artificial general intelligence) in less than 5 years, and ASI (artificial super intelligence/ ai smarter than all humans) shortly after.  
However, looking around, it seems to me that ordinary people are extremely underestimating the pace of AI progress and, above all, its capacity to transform the world.  
But this has been discussed often here. What I want to ask you instead is: how can I leverage this intuition?  
The best way I've thought of is investing. If AI has the ability to radically change the world and replace most jobs, then it will also be worth a ridiculous amount of money.  
Giving a precise estimate is impossible, but it doesn't seem hard to imagine that an ASI capable of creating fusion reactors, immortality (rejuvenation), and hundreds of new materials could be worth tens or hundreds of [trillions.So](http://trillions.so/), I started investing and learning about this world, but it seems to me that most of the advice, principles, and metrics used are useless.  
Things like the price-to-earnings (P/E) ratio and growth prospects are not useful if an ASI is created.  
Even among funds dedicated to AI companies and among investors betting on AI, it seems to me that they are still thinking with the wrong mindset.  
In fact, as soon as an ASI is created, a lot of companies will lose their value very quickly.  
What is the value of Nvidia if an ASI creates a better chip in 2 months? What value can software have (Office, Windows, whatever Palantir does) if an AI can program a custom operating system in half a day?  
Therefore, in my opinion, the logic for a long-term investment should be:

1. The quantity of physical resources available (datacenters, foundries, power plants, robots).
2. The ability to be the first (or among the first) to develop an AGI/ASI.

Based on these principles, I believe the best companies for the long term are:  
Google, ASML (creates the machines to make chips), TSMC, Amazon (owns a bit of Anthropic, and a bit of Digit (robots)), Microsoft (OpenAI, servers), Meta (although I doubt their ability to reach AGI first), Intel (foundries), Tesla (humanoid robots).

A possible problem with investing, however, is that we will most likely see a recession caused by job losses. It would be a great shame to invest now and not wait for the probable crash.What do you think? How are you approaching investments?",gianfrugo,2025-07-02 02:38:18,0,30,https://www.reddit.com/r/investing/comments/1lp82p8/how_do_you_invest_for_the_singularity/
Microsoft,1lnvsvg,Digital Services tax. What is the rationale?,"Please don’t make this political. Many popular stocks could be hit hard by this tax. Google, Facebook, Apple, Microsoft and others. This is a new tax in Canada. 

What is the rationale of charging these companies a 3% tax on gross revenue? I understand a tax on profits. But a tax on gross revenues doesn’t make much sense. Unless this is simply an additional sales tax on all Canadian individuals and companies.

Is this because Google doesn’t claim any profits in Canada? If that is true can’t Canada just change their corporate tax laws so Google does have to pay taxes on profits? 

This digital services tax seems to be treating the symptom (Google not paying enough taxes) instead of the disease (Google not claiming enough profits in Canada).

Would not this law hurt companies that actually don’t understate profits? ",Shoddy_Ad7511,2025-06-30 10:59:49,0,28,https://www.reddit.com/r/investing/comments/1lnvsvg/digital_services_tax_what_is_the_rationale/
Microsoft,1lloemy,Is there a way to stop yourself from trimming flowers and watering weed?,"Whenever one of my positions reaches PEs of 50+ (assuming there isnt high double digit growth) i have no idea what to do with it and tend to sell. I sold tesla and palantir early missing on 100%s  now i am about to sell coinbase. I am actively trimming positions like microsoft when they exceed 35 with its modest growth etc.

Am i just being disciplined here or am i missing on something important?",1i3to,2025-06-27 17:09:03,11,28,https://www.reddit.com/r/investing/comments/1lloemy/is_there_a_way_to_stop_yourself_from_trimming/
Microsoft,1ljdjmz,"Investing for 15+ years, whats your recommended strategy?","Hello, I manage to invest 600-800€ per month living in Germany and this is my current pie. Would you recommend adjusting it or maybe making it completely different? Thanks for your opinions.

Vanguard S&P 500 (Acc) - 15%  
Apple - 13%  
Nvidia - 12%  
Microsoft - 9%  
Alphabet (Class A) - 9%  
iShares NASDAQ 100 (Acc) - 9%  
Amazon - 7%  
Broadcom - 7%  
Rolls-Royce - 7%  
Meta Platforms - 6%  
Unilever - 6%",nxstymatt,2025-06-25 00:06:21,2,34,https://www.reddit.com/r/investing/comments/1ljdjmz/investing_for_15_years_whats_your_recommended/
Microsoft,1lhul3c,Advice about ethical investing?,"
So, for context, I’m from Spain and almost 30. I started investing around two years ago, when I didn’t really know how it worked. My biggest investment was my current house, which I bought for around 200,000€, and I’ve also put some money into the stock market sporadically (around 3,000€ total), investing in the classics like Amazon, Apple, Microsoft, Nvidia, and Coca-Cola, by buying individual stocks through Revolut, not funds or ETFs. 

I never invested in Tesla, Netflix, and some other companies because they go against my values (Elon Musk, subscription services, gas or arms companies, etc.). But over time, I’ve realized that many of the companies I have invested in don’t align with my morals either, especially after some of them publicly supported Trump (Meta, Amazon, etc.) or Israel (Carrefour, McDonald’s, and many more).

Now I’m dealing with an internal conflict. I want to make money, but not by supporting unethical companies. I’ve noticed that a lot of funds and ETFs also include these companies in different proportions, and the ones that don’t often don’t perform well. So it’s hard to find ways to invest that feel both profitable and principled.

I guess my questions are: how do you align your values with your investments? Do you think there’s a middle ground, and if so, how do you find it? Do you have any recommendations for specific companies, funds, or ETFs that are both ethical and profitable? Or would it make more sense to put the money into a high-yield savings account, crypto, gold, or something else?

All feedback is welcome.
",cheesebandita,2025-06-23 03:14:37,0,19,https://www.reddit.com/r/investing/comments/1lhul3c/advice_about_ethical_investing/
Microsoft,1lfdnu4,Thoughts on investment strategy,"Hi everyone, 

I'm 39/m, living in Europe, with inherited US dollars in a Schwab international account, so I cannot invest in mutual funds or ETFs, only individual stocks and bonds. Initially I bought multiple US treasuries with various maturity dates from 2025-2032, just to avoid having to think about it. Then, about a year ago, I started investing 750$/month in 15 individual stocks via Schwab's ""stock slices"" service (so 50$ per stock per month), thus slowly increasing the stocks percentage as bonds start maturing and freeing cash. Since I can't just buy a S&P500-ETF, my idea was to represent it with these 15 stocks, focusing mostly on growth/tech, with a few defensive dividend positions as well, and avoiding big finance, fossile energy and defense industry (just personal preference). I'd be curious to hear what people think of my picks: 

Apple / Microsoft / Nvidia / Broadcom / Adobe / PaloAlto Networks / ServiceNow / Merck / Abbvie / Vertex Pharmaceuticals / Procter&Gamble / NextEra Energy / MainStreet Capital / Realty Income REIT / WasteManagement 

I realize scientifically speaking ""time in the market beats timing the market"", but I just feel more comfortable psychologically with the approach of slowly building the stock portion, as opposed to just buying lump sums of all these stocks at one random moment. 

Any thoughts or improvement ideas would be appreciated! ",ciprianoderore,2025-06-20 00:27:57,4,11,https://www.reddit.com/r/investing/comments/1lfdnu4/thoughts_on_investment_strategy/
Microsoft,1lf7lcl,Acquired a UTMA account yesterday at 38 years old- and ~1300% gains,"I received a letter from E*trade this week about a brokerage account in mine and my dad’s name and after some research I discovered it was an old UTMA. It took a 5 min phone call for them to transfer the account into my taxable brokerage. 24 shares of Microsoft purchased at $34 now worth $11.5k.

A couple questions:

Will I owe capital gains taxes this year for receiving the account, even if I don’t withdraw?

Should I just leave it in MSFT and let it ride? I don’t follow MSFT and most of my other investing is in ETFs. 

There’s also a couple thousand in cash which I might move into the emergency fund that I’ve been aggressively building or hold for my backdoor Roth conversion in 2026 (both accounts with Fidelity). ",Breezy368,2025-06-19 19:39:53,50,31,https://www.reddit.com/r/investing/comments/1lf7lcl/acquired_a_utma_account_yesterday_at_38_years_old/
Microsoft,1lcq2bc,"Life is finite. Risk aversion. (Once bitten, Twice shy.)","Some day I will die. I do not know when, but I know I will not live forever.

Every dollar I make in salary at my workplace represents a minute, hour, day, or some other unit of time I will NEVER get back. It represents time I'm not spending with family and time I'm not out enjoying myself.

Watching that money disappear is like shaving years off my life. Hell, I'd say burning it may even be more productive since some people at least get some form of enjoyment out of smoking cigarettes...

Now obviously, I need that money to afford food and whatnot, so I can't go quitting my job. But I do not spend frivolously on luxury goods. I live in a modest house in the suburbs and drive a 20 yr old, 4 cylinder Japanese compact hatchback.

\--------------------

Late in 1999, I was given a $3k High School graduation present. Opened an eTrade account and bought a bunch tech stocks (Microsoft, Dell, IBM, Cisco, Juniper, etc) Made a couple thousand more in under a year. Figured I couldn't lose, as I had a background in tech. As an engineering student, I knew the industry. Or at least I thought I did.

By the early 2000s, my portfolio was worth three digits.

Before I pulled the plug and sold all my stocks, I was literally sitting on the computer the entirety of 2002, 2003, and 2004 hitting Refresh and watching my portfolio lose value.

I had some startup companies that were promising that ended up going under and their stock values ended up being ZERO.

I did not, and still to this day do not know where the money went. It just disappeared.

People tell me I sold in the dip when I should have bought more. I was in high school/college. I was working low end jobs and needed the money. I had no money to invest.

Few years later, I got grandmothers inheritance to the tune of $30k in 2005. Bought a house for cash in the boonies and put another $10k in my own savings into it (paint, carpet, trim work, etc.) Sold the house for $65k three months later.

Wanted a bachelor pad, so I bought another small house,  closer to where I wanted to live on an ARM in 2006 and was upside down, two years later... $240k mortgage at 5% going up to 7% in three years on a house that appraised for $125k.

BUT at least I had a roof over my head. I still own that house and it's now a rental property.

I buy houses that I can flip/rent. They're tangible and I can control what work goes into them. If I want to make a house increase in value, I can renovate it. And an house will NEVER be worth NOTHING. Even if it burns down to the ground, the vacant land will have value. Insurance also covers losses on a house. Can't insure stocks.

I am VERY risk adverse, having been bitten before.

I can not control the value of a stock. I have zero influence if a company will release a gadget that will catch on and be the next big thing or if it will flop.

I can't subtly count cards, so I don't set foot in casinos.

I'm of the mindset that to invest in stocks, you need to have money that you're not afraid of losing.

How can I get out of this mindset so that I can YOLO all my savings on whatever wallstreetbets is peddling this week? People make bank day trading. I want to know their secret.",pele4096,2025-06-16 20:12:32,0,64,https://www.reddit.com/r/investing/comments/1lcq2bc/life_is_finite_risk_aversion_once_bitten_twice_shy/
Microsoft,1l8vmj3,Investing in AI: which is the best path?,"Hi investing-savvy people. If you could invest in an AI platform, which would you go for? Would you stick to public markets or try to grab something through private equity? For example OpenAI isn’t public, and neither is Anthropic.
Is this a classic situation where we buy the guy selling shovels (e.g. Nvidia, Digital Realty), the scale behemoths (Alphabet, Microsoft, Meta), or look for entry to unlisted companies? From an infrastructure perspective, you would need to gain access to the big funds that are clamoring to buy up DCs. 
I am not looking for advice: I am looking to understand the factors and risks that people assessing to value the sector. 

Happy to enter a conversation rather than simple yes/no interactions.",puglet1964,2025-06-12 00:28:17,0,19,https://www.reddit.com/r/investing/comments/1l8vmj3/investing_in_ai_which_is_the_best_path/
Microsoft,1l3z94b,As CoreWeave's (CRWV) Stock Value Flies - Shareholders Increasingly Turn to Nebius (NBIS) in Shifting AI Cloud Landscape,"The AI infrastructure market is experiencing rapid shifts, and recent developments suggest a potential re-evaluation by investors, with some CoreWeave shareholders reportedly looking towards Nebius as a more compelling opportunity.

While CoreWeave has seen significant stock surges and secured major deals, concerns about its profitability, customer concentration, and unique relationship with Nvidia appear to be prompting some investors to explore alternatives.

CoreWeave, a prominent AI hyperscaler, has undeniably made headlines. Following its IPO in late March 2025 at $40 per share, the company's stock has seen a meteoric rise, at one point surging over 200%. This impressive performance has been fueled by substantial infrastructure agreements, including an $11.2 billion revenue backlog with OpenAI, and continued strong demand for its purpose-built AI platform. Nvidia, a key investor and partner, also recently disclosed a 7% stake in CoreWeave, further boosting investor confidence.

However, a closer look reveals some underlying concerns that may be driving a shift in investor sentiment. Analysts have highlighted CoreWeave's reliance on a limited number of customers, with Microsoft alone accounting for approximately 72% of its revenue in Q1 2025. This customer concentration presents a significant risk, particularly as hyperscalers like Microsoft and Google continue to build out their own AI infrastructure. Furthermore, despite its high revenue growth, CoreWeave reported a net loss of $314.6 million in Q1 2025, raising questions about its path to profitability. The company is also heavily burdened by debt, with some estimates suggesting interest payments could balloon to over $2 billion annually.

Enter Nebius, a rising force in the AI cloud space. Nebius has swiftly positioned itself as a serious contender, focusing on building a global footprint with data centers in the United States, Europe, and the Middle East. Like CoreWeave, Nebius also boasts a strong partnership with Nvidia, being a launch partner for NVIDIA Blackwell Ultra AI Factory Platform.

What makes Nebius particularly attractive to some investors is its strategic approach to growth and financing. In December 2024, Nebius secured $700 million in equity funding from investors including Accel and Nvidia, followed by a recent $1 billion debt financing round in June 2025. The company's unique financial position, leveraging ownership and equity stakes in non-core businesses like Toloka and ClickHouse, allows it to fund its aggressive expansion plans for its core AI infrastructure business. Nebius has also been actively expanding its data center capacity, recently adding three new regions, including a strategic data center in Israel.

While both CoreWeave and Nebius are aggressively scaling to meet the surging demand for AI infrastructure, Nebius appears to be gaining traction due to its diversified funding strategy, expanding global reach, and potentially more stable long-term outlook. As the AI cloud market continues to evolve, the ability to rapidly deploy capacity, diversify customer bases, and maintain a sound financial footing will be crucial for sustained success. The reported pivot of some CoreWeave shareholders towards Nebius underscores a growing recognition among investors that while immediate growth is appealing, sustainable profitability and strategic diversification are paramount in this fiercely competitive sector.",Proper-Plantain9387,2025-06-05 22:30:50,11,4,https://www.reddit.com/r/investing/comments/1l3z94b/as_coreweaves_crwv_stock_value_flies_shareholders/
Microsoft,1l3m3rt,AI reminds me of Pets.com of 2000 Dot Com crash,"These are known facts

* It costs OpenAI $700,000 per day to operate their models
* GPT-4’s advanced queries cost up to $1,000 each
* OpenAI reported $5 billion in losses in 2024, projecting cumulative losses of **$44 billion** from 2023 to 2028
* Alphabet plans to invest $77 billion in CAPEX on expanding AI infrastructure in 2025

To summarize, this is the current situation. 

1. AI is not currently profitable
2. Companies are taking a develop first, profits later approach
3. NASDAQ and AI related stocks including Nvidia continues to surge with lofty forward P/E set by analysts

To recap the DotCom crash. Let's look at [Pets.com](http://Pets.com) 

1. [Pets.com](http://Pets.com) offered free shipping on low-margin products like bulky pet food, leading to significant losses on each sale. 
2. The company faced stiff competition from both established brick-and-mortar retailers such as Petstore.com and Petopia.com. 
3. The market downturned
4. The company estimated it needed $260 million to break even but had only raised $180 million. 
5. Securing additional funding became impossible during the crash, 
6. [Pets.com](http://Pets.com) goes bankrupt

Now obviously, we are not expecting companies like Google or Microsoft or Meta to go bankrupt. They all have diverse revenue sources and big cash reserves to be able to weather the cash burn. 

However it seems to me those companies going up without a profitable product is clearly reminiscent of the [Pets.com](http://Pets.com) saga, a story of growth at any cost that's bound to crash and burn. 

Thoughts? 



",TheCuriousBread,2025-06-05 09:49:52,0,146,https://www.reddit.com/r/investing/comments/1l3m3rt/ai_reminds_me_of_petscom_of_2000_dot_com_crash/
Microsoft,1kvgpc0,Good buy and hold options?,"Im not a day trader ive tried my hand at it but im convinced that its not for me too much stress. Though I am interested in investing still. Maybe buying a share of Microsoft or something like that. Is it as simple as just buying and forgetting about it? And how long do you hold for? Like do i hold it until I retire and then get out of the trade and pay my taxes on it and use it to live on? Really wish I learned more about money other than just how to earn a paycheck, that I can do no problem. As much as everything costs now I'll never get to retire from just earning a paycheck... I am contributing to a 401k though too. Have been for 7 yrs so I'll at least have something for awhile. Anyways thanks for reading. Have a good day.",Hefty-Rip-5397,2025-05-26 08:59:33,10,34,https://www.reddit.com/r/investing/comments/1kvgpc0/good_buy_and_hold_options/
Microsoft,1ks7a48,Should I switch up what I am doing?,"I own roughly $100k in Microsoft stock, a gift purchased for me as a child, by my mom. I currently have an investment opportunity to purchase an investment property in Florida with my sister in law. 

My family has been in the real estate and rental business for years. I do feel confident in the ROI with the Florida house. But... it's Microsoft. Bought by my mother. Lol the second I sell you know it will jump to $1000 a share.

Thoughts?",AdMaster5680,2025-05-22 04:50:44,23,74,https://www.reddit.com/r/investing/comments/1ks7a48/should_i_switch_up_what_i_am_doing/
Microsoft,1kogjxr,How does this portfolio sound?,"20 years old, thought it would be time to get into investing…I want to go for a 60/40 split S&P 500 index fund and the 40% into growth stocks. The four stocks I am thinking of is:

BYD - leading EV company, went public this year and USA China trade agreement is promising

NRG - Energy company that recently made a 12 billion acquisition deal 

VSTRA - Energy company positioning themselves to power the AI boom

NVIDIA - They are positioned pretty well and will have high demand for their chips

MICROSOFT - Heavily investing into AI and cloud computing e.g. azure


Either gonna go with NRG or VSTRA, probably VSTRA for long term growth

I am investing for the long term and so all these companies I see sticking around for a long time. Going to do more research, but what are your thoughts?",DDrf1re,2025-05-17 09:48:21,0,19,https://www.reddit.com/r/investing/comments/1kogjxr/how_does_this_portfolio_sound/
Microsoft,1kmgbrr,Is Apple Stock Not Worth it Anymore?!!!,"Their vision pro goggles were a big waste of money and they were doing R&D for an EV for 10 years which ended up failing. It looks like their strongest assets are still their phones. I don't think they are innovating enough and its possible they could be the next IBM. MOST notably, they got rear ended by the recent AI boom and haven't been able to catchup. Microsoft, Google, and many other tech giants are innovating towards AI at an alarmingly fast rate, except Apple. Is this stock still worth it, or is it the next IBM?",sercetuser,2025-05-14 23:17:53,0,41,https://www.reddit.com/r/investing/comments/1kmgbrr/is_apple_stock_not_worth_it_anymore/
Microsoft,1kl2flq,"Mega-caps will dominate the market long term (destroy my argument with logic, please)","**Thesis:** The largest mega-cap stocks will consolidate market dominance in the coming decades due to their privileged access to transformative technologies, structural advantages, and capital. Accordingly, portfolios with a bias toward mega-caps will tend to outperform others in the medium-to-long term.

**Argument:**

1. **The Trend Has Already Started.** Over the past ~5 years, U.S. mega-cap stocks have dramatically outperformed the broader market. For instance, the Magnificent Seven have collectively driven the majority of gains in the U.S. equities market (MAGS returned ~103% over past 5 years while QQQ returned ~60% and SPY returned ~41%—and the returns of Nasdaq and S&P would be significantly lower if MAGS’s returns were excluded). *Naturally, past performance is not a meaningful indicator of future performance under normal circumstances.* But I argue we are *not* in normal circumstances, and this trend is not a short-term anomaly. Rather, reflects deeper structural forces that are to likely persist, and even intensify.

2. **Entrenched Scale Advantages in the AI Age.** AI rewards scale, and the advantage of mega-caps in this respect is becoming deeply entrenched. Microsoft, for instance, has invested tens of billions into OpenAI. Google, Meta, and Amazon are pouring many billions into their own models. These giants have their sights set on owning the entire AI infrastructure, platforms, and ecosystems over coming decades. What will stop them from doing so?

3. **Data/Distribution Moats Will Be Unbridgeable.** The largest mega-caps today are comparable to old giants like Standard Oil. Standard Oil’s unparalleled control of oil enabled it to dominate the energy market in the late 1800s–early 1900s, gaining a near-monopoly and quickly becoming the largest corporation in the U.S. (Standard was dissolved by order of SCOTUS in 1911, but such an ending for the giants of today seems unlikely; we’ve grown tolerant of monopolies.) *Data is the new oil, and the largest mega-caps own the wells.* These companies control consumer platforms and cloud services that generate massive data: e.g. Google Search, YouTube, Amazon e-commerce, Facebook, Instagram, etc. Further, they control distribution channels — operating systems, browsers, cloud platforms. The long term value of these advantages is hard to overstate.

4. **Index Weighting and Capital Flows Feedback Loop.** Passive investing and index weighting dynamics favor the largest companies. As more capital flows into index funds and ETFs, those companies’ prices rise, and their index weight increases, leading to more inflows, which further inflates prices (“passive momentum” feedback loop). *This self-reinforcing cycle will contribute to the growing concentration of wealth in the largest mega-cap equities, accelerating the advantages they already have, boosting R&D investment, and facilitating their ability to acquire any companies that would compete with them.*

5. **As Result, Portfolios Tilting Mega-Cap Will OutPerform.** My argument, then, is that in the coming years and decades, it seems like portfolios that *tilt toward the largest mega-cap stocks* are likely to *outperform* the portfolios lacking such a tilt.

**Please destroy my argument with logic. I’d love to understand why I am wrong.**

Thank you for reading and engaging. God bless.",fingurdar,2025-05-13 05:03:17,0,24,https://www.reddit.com/r/investing/comments/1kl2flq/megacaps_will_dominate_the_market_long_term/
Microsoft,1ki4x0i,Finding value in investing in new technology,"The 4 largest hyper-scalers Amazon, Google, meta, and Microsoft are looking to supply clean energy to their data centers. With increasing demand from AI and Cloud based data it is becoming more and more difficult to find ways to supply energy, especially alternative energy. Nuclear energy has been growing as a form of clean energy and has been being used 16% more than 2024. I know there aren’t a tom of some of the big players in nuclear energy trading in the stock market. Which are your top companies for exposure in this market? You could either go the uranium route, or the production of fusion into nuclear power. There are not a lot of companies we can invest in at the moment. I was just wondering everyone’s thoughts on this energy as a sustainable long term solution to our upcoming energy problems pertaining to AI.",itsjolu,2025-05-09 08:52:50,8,4,https://www.reddit.com/r/investing/comments/1ki4x0i/finding_value_in_investing_in_new_technology/
Microsoft,1khk8sf,"Google is at a 40 pe ratio, excluding the search revenue","Yes, this is another post about how cheap Google is.

Here’s the deal: Google’s net income for 2024 was $100 billion, with 55% of that coming from search.
With a $1.8 trillion market cap, Google would “only” need to have a PE ratio of 40—this is considering revenue only from its fast-growing segments like Cloud, YouTube, Waymo, etc.

To put it in context, here are a few companies with similar businesses and their high PE ratios:

Microsoft: 34
Netflix: 54
Tesla: 152
Palantir: 480
Google (excluding search): 40

This completely excludes the search business, as if it stopped generating any revenue overnight. That obviously won’t happen. Even if we see a slowdown in growth or a decline, search will still generate massive amounts of money, which can be used for significant buybacks—like those seen in the last quarter.

TL;DR: Google is basically a fast-growing company with a PE ratio of 40, plus a “dying” business that’s still going to generate around $50 billion annually for the next five years.
",realmemessk,2025-05-08 16:28:39,816,218,https://www.reddit.com/r/investing/comments/1khk8sf/google_is_at_a_40_pe_ratio_excluding_the_search/
Microsoft,1kg7a7u,Are we sleeping on the impact of the new EU tariffs on tech stocks?,"I’ve been digging into the recent EU tariffs on U.S. tech imports announced last month (March 2025), and I’m wondering if the market is underreacting. The tariffs target hardware and software from big players like Apple, Microsoft, and Nvidia, with rates as high as 15% on some components. The EU’s pushing it as a move to bolster local tech, but it feels like a direct shot at U.S. dominance.I know the narrative is that these companies are “too big to fail” and have global supply chains to cushion the blow, but hear me out:

* Higher costs could squeeze margins, especially for hardware-heavy firms like Apple.
* If the EU doubles down (like they did with GDPR), could we see a broader tech trade war? China’s already hinted at “reciprocal measures.”
* Smaller tech ETFs (thinking XSD or SOXX) might take a bigger hit than the FAANG-heavy ones.

Yet, I’m seeing barely any chatter about this. Are we all too focused on AI hype or the Fed’s rate cuts to notice? Or is this just a blip that’ll fizzle out? Curious what you all think—am I overthinking this, or is there a real risk to tech portfolios here?P.S. I’m long on QQQ but starting to question if I should hedge with some puts. Anyone else adjusting their positions?",MythrilBalls,2025-05-07 00:25:23,152,129,https://www.reddit.com/r/investing/comments/1kg7a7u/are_we_sleeping_on_the_impact_of_the_new_eu/
Microsoft,1k8a3xq,Best assets to invest in while we're still in a high rate environment?,"Hi everyone,  
Over the past months, I’ve been allocating heavily into stocks, especially during the recent pullbacks. However, I’m now looking to balance my portfolio by building a stronger position in assets considered safer. Given that interest rates are still high, and with the likelihood of future rate cuts outweighing further hikes I believe this is still a good window of opportunity. And i feel like If I don’t take advantage of this, I might regret it later.

At the moment, I already hold bank deposits and some government bonds issued by my country (i'm european). I’m pausing further accumulation in stocks and stock ETFs for now.  
After doing some research, the options I'm considering include:

* Corporate bonds
* U.S. Treasury bonds 
* Corporate/government bond ETFs with distribution policies (in either the U.S. or Europe)

Currently, my available capital is in euros, and my main objective is to increase my passive income.  
My investment horizon is flexible — I can hold these assets for 2, 3, 5, 10, maybe even 20 years if necessary.

At this point, the simplest solution in my mind would be to invest in long-term Microsoft bonds (15–20 years) offering a 4.5–5% coupon. Microsoft has the highest possible credit rating (AAA), and, to me, their coupon payments feel even more reliable to me than those from my country's issued bonds. Moreover, if interest rates decline, the bond price should appreciate, and if they don’t, I would still collect a solid yield. I'm fine with both scenarios.

U.S. Treasuries are a comparable option, but the political risk surrounding them gives me some hesitation. We've already seen how much can change within just a few months, and the longer the time horizon, the greater the unpredictability.

Bond ETFs are appealing because they offer euro-denominated alternatives, unlike the direct bond investments mentioned above. However, based on historical charts, they don’t seem particularly effective at preserving capital, and the income (through distributions) tends to fluctuate.

Any thoughts or suggestions?  
I tried consulting ChatGPT for ideas, but I wasn’t fully convinced. I would rather hear the perspectives of real investors actively managing their own capital.

Thanks in advance!",blackfour13,2025-04-26 19:44:44,28,31,https://www.reddit.com/r/investing/comments/1k8a3xq/best_assets_to_invest_in_while_were_still_in_a/
Microsoft,1k7lo3l,Building Nuclear Power Plants to support Quantum Computing - Companies & Stocks,"I am interested in taking a long term gamble on what I think is the next revolutionary change to technology as we know it in Quantum Computing. I'll be the first to admit I have little to no clue about its capabilities and what ""problems"" it is even supposed to be solving... all I know is that it is a computer on steroids and takes a TON of energy to operate and believe PE firms and Silicon Valley nerds will be pushing and selling the need for this as soon as AI is up to real time speed in the next few years. 

That being said, these computers need massive cooling systems and nuclear power is the best way of harnessing this energy. Amazon, Google, IBM, Microsoft, Intel, etc. are all starting their Quantum builds but like I said, I believe it's currently taking a back seat to get AI up to full functionality. 

Those are the companies who are building the computers, but are y'all aware of any public or private companies that are or are planning on building the plants to power these things? I'm somewhat familiar with Oklo Inc., Vistra Corp, and GE Vernova but was wondering if any of y'all see any potential diamonds in the rough or companies who hold a significant advantage to it's competitors. 

Thanks for your input and good luck",spjones20,2025-04-25 23:00:46,0,15,https://www.reddit.com/r/investing/comments/1k7lo3l/building_nuclear_power_plants_to_support_quantum/
Microsoft,1k6mho5,Is it too late to jump in PLTR?,"Someone told me might be good to ask here so..

In late December 2024, I read an article predicting PLTR could hit $100 by the end of 2024. The stock was around $82 then, and I doubted it would climb that fast after a 380% gain for the year.

I thought it would take years to reach $100. But on February 4, 2025, PLTR crossed $100 following strong Q4 earnings, even reaching $124.62 on February 18. I regret not taking it seriously, and now at $100.82 as of today (April 24, 2025), I’m wondering if it’s a good time to buy and hold through the next earnings on May 5.

Here’s what I saw last year. The article used 2023 numbers (revenue $2.2B, free cash flow $400M, 2.2B shares outstanding, market cap $78B at $32/share). It predicted revenue growth to 2030 with three scenarios Bull at 30% yearly growth, Base at 20%, and Bear at 15%. They thought free cash flow margins would hit 30% by 2030, used a 10% discount rate, and a 3% growth rate for terminal value. The estimated value per share was $75-85 (Bull), $40-50 (Base), and $30-35 (Bear).

So $100 by 2030 seemed like a stretch unless PLTR did better than the Bull case or got a high valuation boost. I didn’t think it would hit $100 in just one year.I was wrong. PLTR grew faster than expected. Q4 2024 revenue was $828M, up 36% from the year before, and they forecast 2025 revenue at $3.74B to $3.76B, well above the Base case. Q4 adjusted operating income was $297M, and full-year 2024 revenue reached $2.87B, up 29% from 2023.

The stock went up 340% in 2024 and another 50% in 2025 so far, driven by AI demand and retail investor interest. PLTR joined the Nasdaq 100, and their U.S. commercial revenue grew 64% in Q4. A NATO deal announced on April 14, 2025, has kept the momentum going, and X posts show investors are hopeful about PLTR’s future. Now I’m unsure. The stock has fallen to $100.82 from its February peak of $124.62, down 19%. Some analysts say it’s overpriced with a forward P/E of 158 and a P/S of 81, and they worry about Pentagon budget cuts since government contracts are 67% of revenue.

Others are optimistic, pointing to AI growth and partnerships with Microsoft and Amazon. The 2025 tariffs (25% on Mexico/Canada imports, 20% on Chinese imports) don’t directly affect PLTR since they focus on AI and defense, but market volatility from tariffs has impacted tech stocks, and PLTR dropped when the Nasdaq fell 11% in March. Earnings are on May 5, and analysts expect a move.

PLTR often rises after earnings, up in 3 of 4 quarters in 2024, but some say expectations are high, and a miss could lead to a decline. Management forecasts 36% growth for Q1 2025, and they usually beat guidance a bit. I’m thinking of buying now to hold through earnings, hoping for an uptick, but the high P/E makes me nervous, and I don’t want to buy at a high point.

Is $100.82 a reasonable entry point, or am I too late? Should I wait for a larger dip, or buy now to catch a possible May 5 earnings boost?",Icy_Abbreviations167,2025-04-24 16:39:09,0,42,https://www.reddit.com/r/investing/comments/1k6mho5/is_it_too_late_to_jump_in_pltr/
Microsoft,1k6djlu,My considerations over Google,"Google is my biggest position in [portfolio](https://app.mecompounding.com/reference/53616c7465645f5f20c5cd096e20892c1db5765dc25a5b41276cc2a55245f5d9a8da462890eb87a2b5f546cd08d60bea) and I would like to share some thoughts on it before an upcoming earnings.  
  
**1. Every** segment of [Google's business is growing](https://app.mecompounding.com/tickers/GOOGL/financials) and creating an overall revenue growth rate 12-15% Y/Y.  
2. The financial foundation is really strong. The long term debt is 3 times lower than yearly free cash flow, assets is 4 times bigger than liabilities, the margins are improving almost quarterly.  
3. Everyone is running is screaming that Google Search is dead and ChatGPT would kill it, but the search revenue has grown 26% since the launch of ChatGPT in November of 2022. Moreover, Google's Gemeni is really, really strong. I use it for work and analysis.  
4. DOJ scrutiny? Yes, it hearts, but Google will service and went out stronger (look how Microsoft, Visa and other giants can live with it for years). Moreover new Google investments will surpass the damage.  
5. When I look on new Google's investments and tragectory, I think they are safe for now. The fastest growing cloud, Waymo is getting new licenses, best AI in class, improvements in search.

The company that is growing revenue, earnings, rewarding investors with buybacks and dividends are trading at 19P/E.   
This is the multiple of [NKE](https://app.mecompounding.com/tickers/NKE/summary) and [PEP](https://app.mecompounding.com/tickers/PEP/summary). Let me remind you that NKE has decreasing margins, decreasing market share, EPS and revenue are falling for 2 years almost every quarter, and still the valuation is 19P/E. PEP is lowering their forecast and has almost no growth neither in revenue nor EPS. Additionally, they have significant dividend burden. And still 20P/E.

I just don't think that GOOGL really deserves such treatment. The company is really strong and is doing great strategic investments. I think right now might be a good time to add some GOOGL shares to your portfolio. WDYT?",Ok-Championship4945,2025-04-24 08:22:17,28,51,https://www.reddit.com/r/investing/comments/1k6djlu/my_considerations_over_google/
Microsoft,1k3c9ow,Wild Bet with a Wealthy Friend - Thoughts on Possibility?,"Hey everyone,

Looking for some general thoughts and perspectives on a slightly unusual situation I've found myself in.

I recently had a late-night discussion (fueled by a bit of the good stuff) with a very wealthy friend of mine – someone who was born into wealth and has never really had to work for it. He's a good guy, though our backgrounds are obviously quite different.

The topic of conversation drifted to investing, and he staunchly insisted that it's simply not possible anymore to turn a $50,000 investment into $1 million within 10 years. I, perhaps fueled by optimism (and maybe a little too much whisky!), disagreed. This led to a somewhat impulsive bet:

* **If I win (reach $1 million from a $50k investment in 10 years):** He pays for a two-week, all-inclusive luxury vacation for my wife and me, anywhere we choose.
* **If he wins:** He gets to pick one bottle of wine and one bottle of whisky from my collection (which I've put some time and effort into).

For context: I'm financially comfortable – good six-figure income, no debts, two fully paid-off houses. Losing the $50k wouldn't devastate me, but it would certainly sting. My investment experience is limited. I've held some shares (Nvidia, Palantir, Microsoft) and seen some decent long-term growth, but nothing close to the kind of returns needed for this bet. However, I am genuinely motivated to learn a lot more about investing.

So, experienced investors of Reddit (and please, I'm not asking for specific financial advice, tips, or strategies here!), I'm just curious about your general thoughts on this scenario:

**Was I crazy to make this bet?**

**In the current economic climate and considering the next 10 years, do you think achieving a roughly 20% average annual return on a $50k investment to reach $1 million is:**

* **Possible?**
* **Probably possible (with significant risk and/or effort)?**
* **Really high risk/highly unlikely?**

I'm genuinely interested in hearing your gut reactions and general perspectives on the *possibility* of such a return, not specific ways to achieve it.

Looking forward to a civil and insightful discussion!",mrichstone,2025-04-20 11:12:49,0,64,https://www.reddit.com/r/investing/comments/1k3c9ow/wild_bet_with_a_wealthy_friend_thoughts_on/
Microsoft,1jzg79k,Why Moats Matter (Even More Than Earnings Sometimes),"**What’s a “Moat” in Investing?**

A **moat** is a company’s edge — something that protects it from competitors.

# Common Moats:

* **Brand** – People pay for the name (Apple, Nike).
* **Network Effect** – More users = more value (Visa, Meta).
* **Switching Costs** – Too hard to leave (Microsoft, banks).
* **Cost Advantage** – They can undercut everyone (Walmart).
* **Patents/IP** – Legally protected ideas (pharma, tech).

# Why It Matters:

Moats = pricing power, steady profits, and long-term compounding.  
It’s what Warren Buffett looks for — companies that quietly win.",IntelligentCut4060,2025-04-15 10:53:04,5,0,https://www.reddit.com/r/investing/comments/1jzg79k/why_moats_matter_even_more_than_earnings_sometimes/
Microsoft,1jy77kt,Do stock markets have an obsession with future growth?,"*""In July 2010, Microsoft announced record fourth-quarter revenue of more than $16 billion. Quarterly earnings totaled $4.5 billion - a third again as much as Apple, more than twice as much as Google. Yet the company's stock price remained flat, as it has for years. With a price-to-earnings ratio of around 12, it traded at a lower valuation than General Mills or Proctor and Gamble. No matter how much money Microsoft mints, Wall Street has declined to price in any future growth beyond the Windows 7 upgrade cycle""\** 

In the book from which this was extracted, Paul Allen (RIP), co-founder of Microsoft, comes across as a very nice, genuine, and cool guy. This is one of the few paragraphs in his book where there is a tiny hint of bitterness (quite understandable) toward the stock market. 

It's amazing that \[at the time of writing\] Microsoft would have still been the de facto operating system and office productivity software provider for most of the world's governments and multinationals. 

Would I be right in saying that a company's ""future growth"" is one of the most weighted factors in determining stock price? Or, to put it another way, do stock markets like Wall Street have an obsession with future growth?  

 

*(\*extracted from* Paul Allen Idea Man: A memoir by the co-founder of Microsoft *2011* paperback ed *pp181)*",baghdadcafe,2025-04-13 22:06:23,0,19,https://www.reddit.com/r/investing/comments/1jy77kt/do_stock_markets_have_an_obsession_with_future/
Microsoft,1jv6nmw,"Stocks on my watchlist, any suggestions?","I'm currently holding 90% cash and plan to buy these if they dip a bit more. Does anyone have any other suggestions I should consider adding?( I am a longterm investor)

Amazon

Uber

Pinterest

Micron

Reddit

Visa

Ferrari

Microsoft 

Rycey

Novo Nordisck

Nvidia",johnstack12,2025-04-09 23:07:29,0,18,https://www.reddit.com/r/investing/comments/1jv6nmw/stocks_on_my_watchlist_any_suggestions/
Microsoft,1jregt3,Need some advice on what to do with my portfolio.,"I had $6000 at peak invested in 6 stocks on Fidelity app. Amazon Microsoft Tesla SPGY SPY TSM and finally NVIDIA.

Heres my problem. I have 1 share of every other stock but I have 26 shares of NVIDIA, I bought low at 120 expecting another peak to sell around 140 to then redistribute among my current stocks and even widen my margin. But now NVIDIA has plummeted to $93 a share and I’m down $500 if I sell now. 

Do I hold and wait to break even then redistribute or do I take my loss and wait for better days with a more diverse portfolio. Thanks",Boring_Most_5343,2025-04-05 00:20:05,1,4,https://www.reddit.com/r/investing/comments/1jregt3/need_some_advice_on_what_to_do_with_my_portfolio/
Microsoft,1jo5hnz,Need Help with My Investment Strategy,"Hello Everyone, 

This is my first post here and I'm looking for some help. I am in a very lucky position to be where my mother has a high income and wants to start investing. She has never invested until she gave me 100k two years ago to start investing. Her goal was to have the investments be set up for me in the future. So very long term. She wants to give me another 300k to invest. 

I am 22 years old and will be starting medical school soon. Me or my mother will not need use of this investment so my risk tolerance is high. I will be fairly busy in medical school so I want to set and forget. I am also thinking of going into surgery which will defacto place me at most likely 500k salary. 

The first 100 thousand was invested 2 years ago and, as of this moment, is 133,000. My ETF holding are \[VOO - 49k\], \[VTI - 46k\], \[VXUS - 12k\], \[JEPQ - 13k\]. My individual stock holdings are \[BRK/B - 6k\], \[Microsoft - 5.5k\]. 

With the 300k I have been thinking of various strategies. 1. 100% VOO or VTI 2. A 50/50 Mix of QQQM/VTI. 3. A mix of QQQM/SCHD 4. One of these mixes but also increasing my VXUS. I wanted to see what y'all think about all these options and where I should go. I was leaning towards QQQM mixes because of the high risk tolerance and lack of need for the money. 

Also with the extreme variability of the political and financial climate right now what is the best way to invest right now. Should I lump sum or dollar cost average. I know time in market usually wins but maybe spreading it out over the year can reduce my overall risk. But then again if I'm going to be holding this for a long time it probably wouldn't effect my very long term that much. 

Thanks for the help!",CapsOvi13,2025-04-01 00:10:57,0,6,https://www.reddit.com/r/investing/comments/1jo5hnz/need_help_with_my_investment_strategy/
Microsoft,1jmr0ou,Should I keep SCHD in my portfolio?,"In my early 20’s. I heard it’s better to focus on market gains as opposed reinvesting dividends, is that generally true? 

Roth IRA
* FXIAX : 40% 
* QQQM : 45% 
* SCHD : 15% 

Basic account
* Tesla: (20%) 
* Apple: (10%) 
* Google: (15%) 
* Nvidia: (20%) 
* Microsoft: 20%) 
* Amazon: (15%)",Popster962,2025-03-30 02:09:32,9,83,https://www.reddit.com/r/investing/comments/1jmr0ou/should_i_keep_schd_in_my_portfolio/
Microsoft,1jlfzm7,Everyone's flooding Reddit with AI-generated memes and images—who sells the hardware to store it all?,"So with the new GPT4o image update making insanely realistic images and memes, everyone and their mom seems to be flooding Reddit, Twitter, and other socials. All this content has to be piling up on hard drives somewhere, right?

I started wondering, who's making money from supplying all that storage hardware behind the scenes?

Turns out AWS (Amazon) and Azure (Microsoft) get their storage from major companies like:

Seagate (STX) and Western Digital (WDC) for traditional HDDs and SSDs.

Micron (MU) and Samsung for flash storage (NAND SSDs).

NVIDIA (NVDA) and AMD (AMD) for GPUs and CPUs powering AI workloads.  Nvidia obviously gets all the attention right now.

Arista Networks (ANET) and Broadcom (AVGO) for network hardware.

Supermicro (SMCI) for custom-built servers.

AI isn't slowing down anytime soon, so it seems like investing in these storage and infrastructure suppliers will be a good investment for a long time.

",Beneficial-Hall-6050,2025-03-28 07:40:01,64,54,https://www.reddit.com/r/investing/comments/1jlfzm7/everyones_flooding_reddit_with_aigenerated_memes/
Microsoft,1jf2v1m,Are we heading into another lost decade?,"In my last [post](https://www.reddit.com/r/investing/comments/1j9ygro/remembering_stock_market_crash_of_2022/), I argued that periods of fear during market corrections are often exaggerated and that markets generally recover over time. This sparked a lot of discussion, with valid concerns that this time might actually be different. Interest rates are high. Stock prices seem expensive. There’s talk of recession, tariffs, geopolitical uncertainty, and massive government debt. Investors are rightly asking: **Are we heading for a lost decade?**

So I did some research and sharing my conclusion below. This is based on my understanding, and would appreciate feedback and different perspectives.

For most investors, the thought of spending ten years in a market that goes nowhere is unsettling. But it's entirely possible and has happened before multiple times. Certain eras in market history earned the nickname “lost decade” because stock prices failed to sustainably recover for 10 years or more. The most notable and often cited examples are:

* **Great Depression of 1929:** Stocks collapsed nearly 90%, and the economy fell apart. The market didn’t recover for decades. It took massive government spending during World War II to reignite growth.
* **The Stagflation ‘70s:** Inflation soared past 14%, oil shocks rocked the global economy, and interest rates were pushed up to 20%. The result? Stocks barely moved for a decade, losing purchasing power to inflation.
* **The Dot-Com Bust & Financial Crisis (2000-2010):** First, the dot-com bubble popped, wiping out overvalued tech stocks. Then, just as the market started recovering, the 2008 financial crisis hit, dragging the economy into a deep recession. It took more than a decade for markets to fully recover.
* **Japan’s Lost Decades (1989-Present):** The worst example of all. In the late 1980s, Japan was the hottest economy in the world—until a massive asset bubble popped. Stocks crashed, real estate values collapsed, and economic growth never fully returned. More than 30 years later, Japan’s stock market has just begun to surpass it’s all time high reached in 1989.

# While these periods had different triggers and circumstances, they all shared a few common characteristics:

1. **High stock market valuations at the start.** When investors pay too much for stocks, future returns tend to be disappointing, even if the economy grows.
2. **Debt was excessive.** Whether it was households, corporations, or governments, excessive borrowing created major financial drag.
3. **Big economic disruptions followed.** Inflation in the ‘70s, a financial system breakdown in the 2000s, and deflation in Japan—each one created a decade of stagnation
4. **Government responses often made things worse.** Central banks and policymakers either moved too slowly or responded in ways that prolonged economic pain.
5. **Long-term structural drags slowed recoveries.** Aging populations, slowing workforce growth, and weak productivity made it harder for economies to bounce back.

**Now, let’s compare that to today.**

* **Stock market valuations are high, but not in bubble territory.** The S&P 500’s valuation is elevated, much like before the 2000s lost decade. The current Schiller P/E ratio (price to cyclically adjusted earnings) is well above the historical average. But today’s leading companies—Apple, Microsoft, Nvidia, Alphabet, Meta —are highly profitable and are driving real earnings growth, unlike the speculative tech stocks of 2000.
* **Inflation is cooling but remains higher than ideal.** Unlike the 1970s, where inflation spiraled out of control going as high as 14%, today’s price pressures are slowly easing and much more moderate (2.8% as per latest inflation report). Supply chains are improving, and AI-driven productivity gains could help keep costs in check.
* **Debt is a major concern—but it’s not as out of control.** U.S. government debt is at record levels, limiting future stimulus options. But unlike 2008, household and corporate debt are under control. Banks are better capitalized, and there’s no widespread financial system breakdown looming.
* **Geopolitical risks are real, but markets have absorbed them so far.** Trade tensions between the U.S. and China, ongoing wars, and the shift toward deglobalization continue to be key risks.
* **Demographics are a mixed bag.** The U.S. workforce is aging (Avg age. 39), but still younger than Japan during early 2000s (Avg age 48). Immigration and higher workforce participation rates still give the economy more resilience than Japan or Europe.
* **The biggest wildcard is AI and automation.** A hopeful difference today is the pace of technological innovation. The late 1920s had new tech (radio, automobiles) but the Depression cut investment in them. The 1970s paradoxically saw relatively slow productivity growth (despite the IT revolution being on the horizon, its benefits weren’t felt until the 1980s–90s). Today, we’re on the cusp of another tech-driven productivity boom – chiefly due to artificial intelligence and automation. If AI can boost efficiency significantly, it could raise economic growth in the latter part of this decade. Goldman Sachs predicts generative AI could eventually lift GDP by \~7% over a decade. Such a boost would be a stark difference from past lost decades, which generally lacked a positive productivity shock to offset their drags. Right now a lot of it seems hype. But if AI delivers on its promise without displacing jobs at large scale, it can lead to an unprecedented boom and a period of huge wealth creation.

**So while there are risks, this is not the same setup as past lost decades.**

While history never repeats exactly, it does rhyme. Today we see echoes of past pre-crisis extremes – high stock valuations and heavy debts – combined with new challenges like aging demographics and geopolitical shifts. **However, we also see crucial differences: inflation is being actively managed (not runaway as in the ’70s), our financial system (banks and corporates) is more robust than before the 2008 crisis, and potential growth drivers (AI, etc.) could emerge to surprise on the upside**.

Instead of lost decade, **we appear to be headed towards a muddled decade** — some ups, some downs, growth in some specific sectors, and at least some modest growth, even if lower than previous decade.

Of course, this can change as events play out in the world in coming months and years. There may be major natural disasters that disrupt global supply chains or something else. But as things stand now, the more probable outcome is a decade of lower returns than previous decade rather than complete stagnation.

**What does it mean for you?** Investors who expect 10-12% annual returns just through index investing, like in the 2010s, may be disappointed. But those who adapt—focusing on quality companies, dividends, and emerging growth areas like AI—could still emerge out wealthier and stronger.",kumaramit0703,2025-03-20 02:42:37,0,46,https://www.reddit.com/r/investing/comments/1jf2v1m/are_we_heading_into_another_lost_decade/
Microsoft,1j9ygro,Remembering stock market crash of 2022,"It’s easy to forget how short the market’s memory is.

Still remember the last few months of 2022. The S&P 500 was down nearly 25%, the Nasdaq had crashed over 35%, and inflation was out of control. The Fed was hiking rates aggressively, and it felt like a deep recession was inevitable.

Goldman Sachs or JP Morgan (don't remember which) predicted the S&P 500 would go all the way to 3,000. Michael Burry suggested an even bigger collapse taking S&P500 back to 1800. Most investors were convinced this was just the beginning of more pain. Even then people talked about stagflation and going into the lost decade.

Meta, in particular, was the poster child of despair. Down 75%, from $380 to $88. People genuinely thought it would never recover. The ad market was dying. Reels weren’t making money. Zuckerberg was ""burning billions"" on the metaverse. Investors wanted him to shut it all down.

It wasn’t just Meta. Amazon reported its first unprofitable year after a long time. Google’s ad revenue shrank. Microsoft’s growth slowed. Tesla was down to $113 at its lowest. Institutions were slashing price targets left and right. Investors were selling at the lows, convinced things would only get worse.

And then... the market did what it always does. Slowly, things started improving. Companies adapted. Earnings stabilized. The panic faded. By mid-2023, inflation was cooling. The Fed hinted at pausing rate hikes.

Meta posted a solid earnings report. Then came $40 billion in stock buybacks. The stock doubled. Then doubled again. Amazon recovered. Nvidia went on a historic run. The Nasdaq had its best year in two decades in 2023. By early 2024, Meta, Nvidia, and Microsoft were hitting all-time highs to reach even higher by end of 2024. Two years of record gains.

When markets are crashing, it feels like they’ll never go up again. When they’re at all-time highs, it feels like they’ll never go down. Neither is true.

So investors, it's going to be fine. Just be calm and hold tight. And if you can, keep buying.",kumaramit0703,2025-03-13 08:46:22,2459,714,https://www.reddit.com/r/investing/comments/1j9ygro/remembering_stock_market_crash_of_2022/
Microsoft,1j8g78j,"2-fund, 0% TSLA, VOO replacement (aka, the F'ELON fund)","I've wanted to remove TSLA from my ETF holdings for years, but it's recently become a priority. I used the reasoning function in ChatGPT to look at how to do this as simply as possible within existing Vanguard ETFs.

I'm looking at replacing VOO specifically, but GPT can easily replicate this for VTI or any other index fund. I call it the **F'ELON-EZ = 70% VIG, 30% VTV**

Has anyone else purged TSLA from their holdings? What funds are you using?


EDIT: As many have pointed out, GPT appears to be hallucinating the holdings of VTV and VIG. Lesson learned for getting excited and posting this before double checking the data. 

I’m going to do this the hard way and post back later. 

\--------------------------------------------------------------------------------------

F'ELON-EZ vs. VOO: Hypothetical Annualized Returns

|Time Horizon|VOO (S&P 500)|F'ELON-EZ (70% VIG / 30% VTV)|
|:-|:-|:-|
|**1-Year**|\~12.5%|\~12.3%|
|**3-Year Annualized**|\~14.0%|\~13.8%|
|**5-Year Annualized**|\~11.0%|\~10.8%|
|**10-Year Annualized**|\~9.0%|\~8.8%|

F'ELON-EZ vs. VOO: Top 50 Holdings by %

|Rank|Company (Ticker)|VOO Weight|F'ELON‑EZ Weight|
|:-|:-|:-|:-|
|1|Apple (AAPL)|7.0%|6.8%|
|2|Microsoft (MSFT)|6.0%|5.9%|
|3|Amazon (AMZN)|4.0%|3.7%|
|4|Alphabet (GOOGL)|3.5%|3.4%|
|5|Nvidia (NVDA)|2.5%|2.4%|
|6|Tesla (TSLA)|1.5%|0.0%|
|7|Berkshire Hathaway (BRK.B)|1.5%|1.6%|
|8|Johnson & Johnson (JNJ)|1.5%|1.7%|
|9|JPMorgan Chase (JPM)|1.3%|1.4%|
|10|Visa (V)|1.1%|1.1%|
|11|Procter & Gamble (PG)|1.0%|1.0%|
|12|UnitedHealth Group (UNH)|1.0%|1.0%|
|13|Home Depot (HD)|1.0%|1.0%|
|14|Mastercard (MA)|0.9%|0.9%|
|15|Exxon Mobil (XOM)|0.9%|0.9%|
|16|Verizon (VZ)|0.8%|0.8%|
|17|Chevron (CVX)|0.8%|0.8%|
|18|Merck (MRK)|0.7%|0.7%|
|19|Pfizer (PFE)|0.7%|0.7%|
|20|AT&T (T)|0.7%|0.7%|
|21|Coca-Cola (KO)|0.6%|0.6%|
|22|PepsiCo (PEP)|0.6%|0.6%|
|23|Adobe (ADBE)|0.6%|0.6%|
|24|Cisco Systems (CSCO)|0.6%|0.6%|
|25|Walmart (WMT)|0.6%|0.6%|
|26|Oracle (ORCL)|0.5%|0.5%|
|27|Netflix (NFLX)|0.5%|0.5%|
|28|Intel (INTC)|0.5%|0.5%|
|29|Comcast (CMCSA)|0.5%|0.5%|
|30|Broadcom (AVGO)|0.5%|0.5%|
|31|Accenture (ACN)|0.5%|0.5%|
|32|Thermo Fisher Scientific (TMO)|0.5%|0.5%|
|33|Eli Lilly (LLY)|0.5%|0.5%|
|34|Nike (NKE)|0.5%|0.5%|
|35|Salesforce (CRM)|0.5%|0.5%|
|36|Abbott Laboratories (ABT)|0.5%|0.5%|
|37|McDonald's (MCD)|0.5%|0.5%|
|38|Texas Instruments (TXN)|0.5%|0.5%|
|39|Amgen (AMGN)|0.5%|0.5%|
|40|Starbucks (SBUX)|0.5%|0.5%|
|41|NextEra Energy (NEE)|0.5%|0.5%|
|42|Goldman Sachs (GS)|0.5%|0.5%|
|43|Honeywell (HON)|0.5%|0.5%|
|44|Bristol-Myers Squibb (BMY)|0.5%|0.5%|
|45|Union Pacific (UNP)|0.5%|0.5%|
|46|Qualcomm (QCOM)|0.5%|0.5%|
|47|General Electric (GE)|0.5%|0.5%|
|48|Morgan Stanley (MS)|0.5%|0.5%|
|49|Philip Morris Intl. (PM)|0.5%|0.5%|
|50|3M (MMM)|0.5%|0.5%|",bramblefuzz,2025-03-11 11:12:38,0,20,https://www.reddit.com/r/investing/comments/1j8g78j/2fund_0_tsla_voo_replacement_aka_the_felon_fund/
Microsoft,1j5vf0g,Nvidia's Wild Ride - Soaring to New Highs or Crashing to Reality?,"I’ve been following Nvidia's latest developments, and let’s just say, it’s been a wild ride.
On one hand, Nvidia continues to dominate the AI and data center space, with demand for its next-gen Blackwell chips reaching unprecedented levels. Strategic partnerships with tech giants like AWS, Microsoft, and Google have solidified its position as the undisputed leader in the industry.

But here’s where things get complicated.

Recent stock sell-offs, partly triggered by Marvell's earnings report, have cast a shadow over the entire AI semiconductor sector, and Nvidia is no exception. To add fuel to the fire, fraud allegations surrounding Nvidia chips in Singapore have raised serious questions about the company’s supply chain, adding to investor concerns.

While some analysts remain incredibly bullish, with price targets as high as $200, others like seasoned fund manager Doug Kass are predicting a sharp correction, with prices potentially plummeting to the $50-$75 range, citing Nvidia’s high valuation and growing risks.

Are we about to witness Nvidia's stock continue its meteoric rise, or are we staring down the barrel of a massive correction? 
Could we see prices sink below $90? ",XerialTradingNetwork,2025-03-08 03:04:58,12,42,https://www.reddit.com/r/investing/comments/1j5vf0g/nvidias_wild_ride_soaring_to_new_highs_or/
Microsoft,1j5tl9z,"Nvidia: Rising Competition, Valuation Concerns, and Shifting AI Investments","* Nvidia peaked in June 2024 and has been in a sideways correction.
* DeepSeek's AI model and high Nvidia valuation caused a sharp stock decline.
* Cloud companies' weak performance reduced AI chip investments.
* AMD and tech giants are developing cheaper AI chips, pressuring Nvidia.
* Nvidia remains dominant but faces increasing competition and valuation concerns.



In January 2025, Chinese AI company DeepSeek made a bold move by launching a new AI model at a fraction of the cost typically required. This raised concerns about Nvidia’s market monopoly, leading to a historic one-day market cap loss of nearly $600 billion. The stock had already been struggling after peaking in June 2024, showing signs of a broader correction phase. Weak cloud profits and reduced AI hardware investments from major cloud companies added to the downturn. Despite Nvidia consistently beating earnings estimates, its high valuation has investors questioning its long-term sustainability. The company’s $2.8 trillion valuation, trading at 12.5x forward revenue for FY 2027, has been flagged as a major risk.

Nvidia’s latest earnings exceeded analyst expectations, beating EPS estimates by $0.04 and revenue estimates by $1.19 billion. Annual EPS growth remains strong, but the stock failed to rally due to external market conditions. Major hyperscalers like Amazon, Google, and Microsoft underperformed in cloud revenue, signaling a slowdown in AI chip investments. Investors are concerned about weakening demand as new competitors introduce cheaper AI models. Nvidia forecasts a 56% YoY revenue increase for FY 2026 and 21% for FY 2027, yet risks remain as the AI chip market becomes more competitive.

Amazon, Microsoft, and Google account for nearly half of Nvidia’s data center sales. Their investments in Nvidia’s AI chips have powered cloud AI workloads, but recent underperformance in cloud revenue is forcing them to reconsider expensive AI hardware spending. Companies are increasingly looking for alternatives to Nvidia’s GPUs, such as in-house chips and more affordable AI models. AI training, which once required millions of dollars in Nvidia GPUs, can now be done for as little as $50 using new techniques. Alibaba’s latest AI model has surpassed DeepSeek, challenging Nvidia’s dominance. With cloud growth slowing, hyperscalers are cutting back, further threatening Nvidia’s future revenue.

Competition in the AI hardware space is intensifying as more companies shift away from Nvidia’s expensive GPUs. DeepSeek’s R1 model is now available on AWS and Azure, gaining rapid adoption due to its low cost. Alibaba’s Qwen2.5-Max is reportedly more advanced, further pressuring Nvidia. Research from Stanford and the University of Washington has demonstrated that powerful AI models can be trained for just $50, proving that high-end GPUs are no longer necessary. Major tech firms like Google, Amazon, and Microsoft are investing in custom AI chips, reducing reliance on Nvidia and reshaping the market.

AMD is rapidly expanding its AI chip business, positioning itself as a strong competitor. CEO Lisa Su expects tens of billions in AI chip revenue annually, and the company is accelerating the launch of its Instinct MI350 to compete with Nvidia’s flagship chips. Other companies, including OpenAI, Google, and Amazon, are developing their own AI chips to reduce dependency on Nvidia. These alternatives are proving to be more efficient and cost-effective, which could threaten Nvidia’s ability to maintain its premium pricing and dominant market position.

Wall Street remains skeptical about Nvidia’s valuation. The stock is trading at 12.5x forward revenue for FY 2027, with a high forward P/E ratio of 25x FY 2026 EPS estimates. Comparatively, Alphabet trades at 18.5x forward P/E, making Nvidia look significantly more expensive. With Amazon, Google, and Microsoft seeing weaker cloud revenue growth, Wall Street is pushing them to cut capital expenditures. If hyperscalers reduce AI chip purchases, Nvidia’s revenue projections may be revised downward, increasing concerns about the sustainability of its high valuation.

The future of Nvidia’s stock price remains uncertain. A prolonged correction could continue as the AI market undergoes structural changes. The company faces mounting competition from AMD, DeepSeek, and custom AI chips, which could erode its market share. If hyperscalers continue to scale back on AI hardware spending, Nvidia’s revenue growth could take a hit. Stock valuation comparisons highlight potential downside risks, with Nvidia trading at 12.3x forward revenue for FY 2027. Forecasts for Nvidia’s revenue range from $179 billion to $334 billion, highlighting the uncertainty surrounding the company’s growth potential. While Nvidia remains a dominant force, the increasing number of competitors and shifting industry trends suggest that its upside may be limited.

Financial data reinforces Nvidia’s strong market presence, with a 78% YoY revenue growth in Q4, reaching $39.3 billion, driven by a 93% increase in data center revenue. Analysts estimate Nvidia’s forward revenue between $179 billion and $334 billion, reflecting its market strength. However, Nvidia’s high forward P/E ratio of 40–50x, compared to Alphabet’s 20–25x, indicates stretched valuations that may not be sustainable. Despite its leadership in AI chips, the emergence of alternatives is forcing Nvidia to adapt or risk losing ground.

Broader industry trends indicate a shift in AI and semiconductor investments. Hyperscalers are prioritizing efficiency over Nvidia’s expensive GPUs, turning to cost-effective AI models from DeepSeek, Alibaba, and academic institutions. Geopolitical factors may also impact Nvidia’s supply chain and stock price. Market performance suggests a shift in investor sentiment, with Microsoft’s stock down 20% from its peak despite the S&P 500 rising 10%. The AI sector is evolving, and Nvidia’s dominance, built on CUDA, faces growing competition from rising alternatives.

**TL;DR:** Nvidia’s stock has struggled since peaking in June 2024 due to rising competition from DeepSeek and AMD, reduced cloud investments, and concerns over high valuation. Despite strong earnings, Wall Street remains skeptical about its long-term growth. AI hardware spending is shifting towards cost-effective solutions, putting pressure on Nvidia’s pricing power. While the company remains dominant, increasing competition and hyperscaler cutbacks could limit its upside potential.

",Goatofoptions,2025-03-08 02:01:54,0,11,https://www.reddit.com/r/investing/comments/1j5tl9z/nvidia_rising_competition_valuation_concerns_and/
Microsoft,1j3c2eg,"Why Nvidia is Down, the DeepSeek Saga Ends with ChatGPT4.5’s Unveiling Confirming Worst Fears","I think one reason no one is talking about which caused for Nvidia to go down is the continuation of fears that Deepseek caused, but the further confirmation of those fears with OpenAI’s release of ChatGPT4.5, which was a major letdown due to it being so expensive and not even SoTA or top of the benchmarks like everyone hoped for to show the proof that the models are still scaling.

This ChatGPT4.5 moment marks the end of the era of AI scaling purely from pre-training compute and therefore cast doubt on the entire projected trajectory of AI making massive leaps in increasing intelligence and there for real meaningful applications with AI, which Microsoft CEO Satya Nadella also mentioned which was that AI currently has no real meaningful applications.

Based on this, I think this raises a fundamental concern on the sustainability of the AI growth trend and brings out a potential of a much broader weakening for the AI related companies and tech sector. Which would spell a larger looming crisis if the rest of the market cannot uphold the overall economy without the AI story in the backdrop which has been the single dominant narrative and crutch for an overall weakening economy.",immortalsol,2025-03-04 23:32:08,147,106,https://www.reddit.com/r/investing/comments/1j3c2eg/why_nvidia_is_down_the_deepseek_saga_ends_with/
Microsoft,1j19unc,"Top 3 companies to invest forever goog, Microsoft, apple?","I was thinking the other day about what tech stocks I could buy and just hold forever. And I’m my opinion (let me know what you think as well) these 3 companies are basically like one company. 

- if google loses search who gets it? Bing
-if anyone loses cloud compute it goes to each other or aws which is another great company.
- easiest companies by far to integrate Ai and a reasonable level in 5 years, or in Microsoft’s case already has.
-if apple phone sales start declining who picks up the slack? Googl because they own android. Also apple has a monopoly on phones because of the AppStore.
- you search anything on safari you go straight to google search.
- YouTube, iPhone, google, Microsoft office, video games are taught at a very young age and intertwined into the world so heavily we couldn’t live without it.

This is like umbrella corp from resident evil.",Peterxfat,2025-03-02 06:09:33,63,222,https://www.reddit.com/r/investing/comments/1j19unc/top_3_companies_to_invest_forever_goog_microsoft/
